,config,n_vars,n_clauses,n_groups,n_Avars,arjun_time,benchmark,network_type,encoding,configuration,timeout,memory_limit,k,encoding_t/o,building_successful,encoding_successful,n_nodes,n_edges,utime,stime,wtime,max_res_set_size,exit_status,signal,optimised_value,encoding_m/o
2,config-0,123.0,717.0,54.0,15.0,0.01,MadridAdj.txt,crime,gis,,7200,4000000,1,False,True,True,54.0,226.0,0.31,0.24,0:00,64988,0,,36,False
52,config-0,213.0,840.0,54.0,105.0,0.01,MadridAdj.txt,crime,gis,,7200,4000000,2,False,True,True,54.0,226.0,0.66,0.21,0:01,65336,0,,76,False
102,config-0,230.0,907.0,54.0,122.0,0.01,MadridAdj.txt,crime,gis,,7200,4000000,3,False,True,True,54.0,226.0,0.68,0.26,0:01,65380,0,,94,False
152,config-0,247.0,973.0,54.0,139.0,0.01,MadridAdj.txt,crime,gis,,7200,4000000,4,False,True,True,54.0,226.0,0.69,0.24,0:01,66164,0,,106,False
202,config-0,320.0,1069.0,54.0,212.0,0.01,MadridAdj.txt,crime,gis,,7200,4000000,6,False,True,True,54.0,226.0,0.62,2.28,0:04,53440,0,,108,False
252,config-0,352.0,1154.0,54.0,244.0,0.01,MadridAdj.txt,crime,gis,,7200,4000000,8,False,True,True,54.0,226.0,0.62,0.3,0:01,65008,0,,108,False
302,config-0,392.0,1235.0,54.0,284.0,0.00,MadridAdj.txt,crime,gis,,7200,4000000,10,False,True,True,54.0,226.0,0.64,0.2,0:00,66060,0,,108,False
352,config-0,418.0,1291.0,54.0,310.0,0.01,MadridAdj.txt,crime,gis,,7200,4000000,12,False,True,True,54.0,226.0,0.63,0.2,0:00,69800,0,,108,False
402,config-0,486.0,1395.0,54.0,378.0,0.01,MadridAdj.txt,crime,gis,,7200,4000000,16,False,True,True,54.0,226.0,0.69,0.2,0:01,65004,0,,108,False
1,config-0,23.0,72.0,10.0,3.0,0.00,ParisAdj.txt,crime,gis,,7200,4000000,1,False,True,True,10.0,14.0,0.25,2.29,0:03,54476,0,,12,False
51,config-0,38.0,94.0,10.0,18.0,0.00,ParisAdj.txt,crime,gis,,7200,4000000,2,False,True,True,10.0,14.0,0.22,0.36,0:00,64524,0,,14,False
101,config-0,48.0,101.0,10.0,28.0,0.00,ParisAdj.txt,crime,gis,,7200,4000000,3,False,True,True,10.0,14.0,0.25,0.2,0:00,66540,0,,18,False
151,config-0,50.0,104.0,10.0,30.0,0.00,ParisAdj.txt,crime,gis,,7200,4000000,4,False,True,True,10.0,14.0,0.25,0.19,0:00,64920,0,,18,False
201,config-0,48.0,98.0,10.0,28.0,0.00,ParisAdj.txt,crime,gis,,7200,4000000,6,False,True,True,10.0,14.0,0.25,0.2,0:00,65852,0,,20,False
251,config-0,38.0,76.0,10.0,18.0,0.00,ParisAdj.txt,crime,gis,,7200,4000000,8,False,True,True,10.0,14.0,0.24,0.19,0:00,64920,0,,20,False
301,config-0,20.0,48.0,10.0,0.0,0.00,ParisAdj.txt,crime,gis,,7200,4000000,10,False,True,True,10.0,14.0,0.26,0.2,0:00,65008,0,,20,False
351,config-0,20.0,48.0,10.0,0.0,0.00,ParisAdj.txt,crime,gis,,7200,4000000,12,False,True,True,10.0,14.0,0.26,0.22,0:00,64228,0,,20,False
401,config-0,20.0,48.0,10.0,0.0,0.00,ParisAdj.txt,crime,gis,,7200,4000000,16,False,True,True,10.0,14.0,0.24,2.29,0:03,55672,0,,20,False
0,config-0,35.0,166.0,14.0,7.0,0.00,PhilippineAdj.txt,crime,gis,,7200,4000000,1,False,True,True,14.0,51.0,0.24,2.31,0:03,54664,0,,10,False
50,config-0,54.0,197.0,14.0,26.0,0.00,PhilippineAdj.txt,crime,gis,,7200,4000000,2,False,True,True,14.0,51.0,0.23,0.35,0:00,64636,0,,24,False
100,config-0,58.0,211.0,14.0,30.0,0.00,PhilippineAdj.txt,crime,gis,,7200,4000000,3,False,True,True,14.0,51.0,0.27,0.21,0:00,64472,0,,28,False
150,config-0,62.0,224.0,14.0,34.0,0.00,PhilippineAdj.txt,crime,gis,,7200,4000000,4,False,True,True,14.0,51.0,0.28,0.18,0:00,64328,0,,28,False
200,config-0,84.0,236.0,14.0,56.0,0.00,PhilippineAdj.txt,crime,gis,,7200,4000000,6,False,True,True,14.0,51.0,0.27,0.19,0:00,67584,0,,28,False
250,config-0,82.0,230.0,14.0,54.0,0.00,PhilippineAdj.txt,crime,gis,,7200,4000000,8,False,True,True,14.0,51.0,0.27,0.19,0:00,64940,0,,28,False
300,config-0,72.0,208.0,14.0,44.0,0.00,PhilippineAdj.txt,crime,gis,,7200,4000000,10,False,True,True,14.0,51.0,0.26,0.21,0:00,64496,0,,28,False
350,config-0,54.0,170.0,14.0,26.0,0.00,PhilippineAdj.txt,crime,gis,,7200,4000000,12,False,True,True,14.0,51.0,0.28,0.22,0:00,64740,0,,28,False
400,config-0,28.0,130.0,14.0,0.0,0.00,PhilippineAdj.txt,crime,gis,,7200,4000000,16,False,True,True,14.0,51.0,0.27,2.33,0:04,54368,0,,28,False
3,config-0,91.0,370.0,39.0,13.0,0.00,ZerkaniAdj.txt,crime,gis,,7200,4000000,1,False,True,True,39.0,89.0,0.32,0.2,0:00,64736,0,,32,False
53,config-0,153.0,456.0,39.0,75.0,0.00,ZerkaniAdj.txt,crime,gis,,7200,4000000,2,False,True,True,39.0,89.0,0.41,0.22,0:00,65780,0,,58,False
103,config-0,165.0,503.0,39.0,87.0,0.00,ZerkaniAdj.txt,crime,gis,,7200,4000000,3,False,True,True,39.0,89.0,0.42,0.21,0:00,67496,0,,70,False
153,config-0,177.0,549.0,39.0,99.0,0.00,ZerkaniAdj.txt,crime,gis,,7200,4000000,4,False,True,True,39.0,89.0,0.4,0.22,0:00,64776,0,,72,False
203,config-0,225.0,617.0,39.0,147.0,0.00,ZerkaniAdj.txt,crime,gis,,7200,4000000,6,False,True,True,39.0,89.0,0.41,0.2,0:00,64724,0,,76,False
253,config-0,247.0,675.0,39.0,169.0,0.00,ZerkaniAdj.txt,crime,gis,,7200,4000000,8,False,True,True,39.0,89.0,0.41,0.21,0:00,64672,0,,78,False
303,config-0,273.0,727.0,39.0,195.0,0.00,ZerkaniAdj.txt,crime,gis,,7200,4000000,10,False,True,True,39.0,89.0,0.39,2.32,0:04,55804,0,,78,False
353,config-0,289.0,764.0,39.0,211.0,0.00,ZerkaniAdj.txt,crime,gis,,7200,4000000,12,False,True,True,39.0,89.0,0.37,0.33,0:01,64536,0,,78,False
403,config-0,333.0,828.0,39.0,255.0,0.00,ZerkaniAdj.txt,crime,gis,,7200,4000000,16,False,True,True,39.0,89.0,0.39,0.2,0:00,64680,0,,78,False
22,config-0,43099.0,268752.0,21363.0,373.0,1399.75,ca-CondMat.mtx,collaboration,gis,,7200,4000000,1,False,True,True,21363.0,91286.0,1408.21,1.43,23:39,186940,0,,18720,False
72,config-0,106809.0,353462.0,21363.0,64083.0,2594.85,ca-CondMat.mtx,collaboration,gis,,7200,4000000,2,False,True,True,21363.0,91286.0,2604.06,2.08,43:41,229676,0,,31516,False
122,config-0,128166.0,396175.0,21363.0,85440.0,3839.31,ca-CondMat.mtx,collaboration,gis,,7200,4000000,3,False,True,True,21363.0,91286.0,3848.39,2.04,1:14:17,224708,0,,36918,False
172,config-0,149521.0,438884.0,21363.0,106795.0,5335.65,ca-CondMat.mtx,collaboration,gis,,7200,4000000,4,False,True,True,21363.0,91286.0,5344.1,2.2,1:29:29,239596,0,,39284,False
222,config-0,192225.0,524290.0,21363.0,149499.0,6209.04,ca-CondMat.mtx,collaboration,gis,,7200,4000000,6,False,True,True,21363.0,91286.0,6218.35,2.22,1:44:13,273604,0,,41664,False
272,config-0,234921.0,609680.0,21363.0,192195.0,5072.65,ca-CondMat.mtx,collaboration,gis,,7200,4000000,8,False,True,True,21363.0,91286.0,5081.98,2.3,1:25:06,313820,0,,42466,False
322,config-0,277609.0,695054.0,21363.0,234883.0,,ca-CondMat.mtx,collaboration,gis,,7200,4000000,10,False,True,True,21363.0,91286.0,7209.71,5.68,2:10:46,347056,137,,-1,False
372,config-0,320289.0,780412.0,21363.0,277563.0,5293.78,ca-CondMat.mtx,collaboration,gis,,7200,4000000,12,False,True,True,21363.0,91286.0,5305.84,2.44,1:28:53,373652,0,,42706,False
422,config-0,405625.0,951080.0,21363.0,362899.0,4383.07,ca-CondMat.mtx,collaboration,gis,,7200,4000000,16,False,True,True,21363.0,91286.0,4396.29,2.69,1:13:39,447752,0,,42724,False
25,config-0,12393.0,39888.0,6100.0,193.0,71.01,ca-Erdos992.mtx,collaboration,gis,,7200,4000000,1,False,True,True,6100.0,7515.0,72.21,0.65,1:13,103548,0,,9476,False
75,config-0,30494.0,63816.0,6100.0,18294.0,494.37,ca-Erdos992.mtx,collaboration,gis,,7200,4000000,2,False,True,True,6100.0,7515.0,495.71,3.82,8:25,149148,0,,11040,False
125,config-0,36588.0,76003.0,6100.0,24388.0,806.28,ca-Erdos992.mtx,collaboration,gis,,7200,4000000,3,False,True,True,6100.0,7515.0,807.75,1.36,13:34,119028,0,,11584,False
175,config-0,42680.0,88186.0,6100.0,30480.0,333.89,ca-Erdos992.mtx,collaboration,gis,,7200,4000000,4,False,True,True,6100.0,7515.0,335.44,0.94,5:38,134252,0,,11446,False
225,config-0,54858.0,112540.0,6100.0,42658.0,204.69,ca-Erdos992.mtx,collaboration,gis,,7200,4000000,6,False,True,True,6100.0,7515.0,206.42,0.92,3:29,118236,0,,11524,False
275,config-0,67028.0,136878.0,6100.0,54828.0,169.47,ca-Erdos992.mtx,collaboration,gis,,7200,4000000,8,False,True,True,6100.0,7515.0,171.39,0.88,3:00,115872,0,,11612,False
325,config-0,79190.0,161200.0,6100.0,66990.0,173.67,ca-Erdos992.mtx,collaboration,gis,,7200,4000000,10,False,True,True,6100.0,7515.0,175.78,0.88,2:58,124480,0,,11704,False
375,config-0,91344.0,185506.0,6100.0,79144.0,198.80,ca-Erdos992.mtx,collaboration,gis,,7200,4000000,12,False,True,True,6100.0,7515.0,201.1,0.93,3:23,130168,0,,11780,False
425,config-0,115628.0,234070.0,6100.0,103428.0,234.03,ca-Erdos992.mtx,collaboration,gis,,7200,4000000,16,False,True,True,6100.0,7515.0,236.77,0.93,3:59,148496,0,,11936,False
23,config-0,8478.0,43854.0,4158.0,162.0,26.90,ca-GrQc.mtx,collaboration,gis,,7200,4000000,1,False,True,True,4158.0,13422.0,28.72,0.44,0:29,102532,0,,4186,False
73,config-0,16693.0,57350.0,4158.0,8377.0,40.09,ca-GrQc.mtx,collaboration,gis,,7200,4000000,2,False,True,True,4158.0,13422.0,42.98,0.5,0:44,101352,0,,6228,False
123,config-0,18100.0,62911.0,4158.0,9784.0,46.40,ca-GrQc.mtx,collaboration,gis,,7200,4000000,3,False,True,True,4158.0,13422.0,49.44,3.27,0:55,102484,0,,7134,False
173,config-0,19757.0,68469.0,4158.0,11441.0,55.44,ca-GrQc.mtx,collaboration,gis,,7200,4000000,4,False,True,True,4158.0,13422.0,58.44,0.65,0:59,99076,0,,7606,False
223,config-0,25769.0,76775.0,4158.0,17453.0,79.46,ca-GrQc.mtx,collaboration,gis,,7200,4000000,6,False,True,True,4158.0,13422.0,82.33,0.62,1:24,98836,0,,8038,False
273,config-0,28829.0,84437.0,4158.0,20513.0,82.90,ca-GrQc.mtx,collaboration,gis,,7200,4000000,8,False,True,True,4158.0,13422.0,85.79,0.65,1:27,100072,0,,8242,False
323,config-0,32029.0,91775.0,4158.0,23713.0,69.85,ca-GrQc.mtx,collaboration,gis,,7200,4000000,10,False,True,True,4158.0,13422.0,72.85,0.61,1:14,99748,0,,8290,False
373,config-0,34827.0,97262.0,4158.0,26511.0,68.87,ca-GrQc.mtx,collaboration,gis,,7200,4000000,12,False,True,True,4158.0,13422.0,71.89,0.62,1:13,101340,0,,8314,False
423,config-0,41579.0,107904.0,4158.0,33263.0,57.51,ca-GrQc.mtx,collaboration,gis,,7200,4000000,16,False,True,True,4158.0,13422.0,60.73,0.66,1:02,106396,0,,8314,False
24,config-0,455722.0,2539712.0,227320.0,1082.0,,ca-citeseer.mtx,collaboration,gis,,7200,4000000,1,False,True,True,227320.0,814134.0,7278.12,2.42,2:11:42,1204576,137,,-1,False
74,config-0,909254.0,6629000.0,227320.0,454614.0,,ca-citeseer.mtx,collaboration,gis,,7200,4000000,2,False,True,True,227320.0,814134.0,7292.98,5.25,2:02:10,2228500,137,,-1,False
124,config-0,909254.0,6628999.0,227320.0,454614.0,,ca-citeseer.mtx,collaboration,gis,,7200,4000000,3,False,True,True,227320.0,814134.0,7294.13,5.2,2:02:12,2229580,137,,-1,False
174,config-0,909254.0,6629000.0,227320.0,454614.0,,ca-citeseer.mtx,collaboration,gis,,7200,4000000,4,False,True,True,227320.0,814134.0,5037.14,4.87,1:24:26,2828176,139,,-1,False
224,config-0,909254.0,6628999.0,227320.0,454614.0,,ca-citeseer.mtx,collaboration,gis,,7200,4000000,6,False,True,True,227320.0,814134.0,2705.69,4.64,45:22,2663316,139,,-1,False
274,config-0,909254.0,6629000.0,227320.0,454614.0,,ca-citeseer.mtx,collaboration,gis,,7200,4000000,8,False,True,True,227320.0,814134.0,2039.19,7.28,34:20,2709224,139,,-1,False
324,config-0,909254.0,6628999.0,227320.0,454614.0,,ca-citeseer.mtx,collaboration,gis,,7200,4000000,10,False,True,True,227320.0,814134.0,2227.98,5.51,37:26,2903716,134,,-1,False
374,config-0,909254.0,6628999.0,227320.0,454614.0,,ca-citeseer.mtx,collaboration,gis,,7200,4000000,12,False,True,True,227320.0,814134.0,1292.92,5.03,31:32,2900056,139,,-1,False
424,config-0,909254.0,6629000.0,227320.0,454614.0,,ca-citeseer.mtx,collaboration,gis,,7200,4000000,16,False,True,True,227320.0,814134.0,761.8,4.47,12:49,3067256,139,,-1,False
26,config-0,453906.0,2340732.0,226413.0,1080.0,,ca-dblp-2010.mtx,collaboration,gis,,7200,4000000,1,False,True,True,226413.0,716460.0,7259.58,2.16,2:11:29,1108528,137,,-1,False
76,config-0,905630.0,6413712.0,226413.0,452804.0,,ca-dblp-2010.mtx,collaboration,gis,,7200,4000000,2,False,True,True,226413.0,716460.0,7267.0,4.79,2:01:46,2153900,137,,-1,False
126,config-0,905630.0,6413711.0,226413.0,452804.0,,ca-dblp-2010.mtx,collaboration,gis,,7200,4000000,3,False,True,True,226413.0,716460.0,7272.64,4.6,2:01:51,2154336,137,,-1,False
176,config-0,905630.0,6413712.0,226413.0,452804.0,,ca-dblp-2010.mtx,collaboration,gis,,7200,4000000,4,False,True,True,226413.0,716460.0,7266.64,4.38,2:01:41,2551760,137,,-1,False
226,config-0,905630.0,6413711.0,226413.0,452804.0,,ca-dblp-2010.mtx,collaboration,gis,,7200,4000000,6,False,True,True,226413.0,716460.0,7265.48,4.15,2:01:40,2877664,137,,-1,False
276,config-0,905630.0,6413712.0,226413.0,452804.0,,ca-dblp-2010.mtx,collaboration,gis,,7200,4000000,8,False,True,True,226413.0,716460.0,4054.67,4.31,1:07:54,3425868,134,,-1,False
326,config-0,905630.0,6413711.0,226413.0,452804.0,,ca-dblp-2010.mtx,collaboration,gis,,7200,4000000,10,False,True,True,226413.0,716460.0,1265.61,7.01,21:21,2805372,139,,-1,False
376,config-0,905630.0,6413711.0,226413.0,452804.0,,ca-dblp-2010.mtx,collaboration,gis,,7200,4000000,12,False,True,True,226413.0,716460.0,1730.79,4.67,29:05,3171032,139,,-1,False
426,config-0,905630.0,6413712.0,226413.0,452804.0,,ca-dblp-2010.mtx,collaboration,gis,,7200,4000000,16,False,True,True,226413.0,716460.0,2382.18,4.75,49:45,3202736,139,,-1,False
28,config-0,815.0,3454.0,379.0,57.0,0.12,ca-netscience.mtx,collaboration,gis,,7200,4000000,1,False,True,True,379.0,914.0,0.55,0.31,0:01,90348,0,,370,False
78,config-0,1517.0,4601.0,379.0,759.0,0.14,ca-netscience.mtx,collaboration,gis,,7200,4000000,2,False,True,True,379.0,914.0,3.75,0.3,0:04,88328,0,,628,False
128,config-0,1644.0,5103.0,379.0,886.0,0.16,ca-netscience.mtx,collaboration,gis,,7200,4000000,3,False,True,True,379.0,914.0,3.82,0.29,0:04,89876,0,,696,False
178,config-0,1782.0,5603.0,379.0,1024.0,0.18,ca-netscience.mtx,collaboration,gis,,7200,4000000,4,False,True,True,379.0,914.0,3.86,0.3,0:04,90044,0,,728,False
228,config-0,2334.0,6350.0,379.0,1576.0,0.21,ca-netscience.mtx,collaboration,gis,,7200,4000000,6,False,True,True,379.0,914.0,3.45,3.05,0:08,80176,0,,752,False
278,config-0,2596.0,7034.0,379.0,1838.0,0.23,ca-netscience.mtx,collaboration,gis,,7200,4000000,8,False,True,True,379.0,914.0,3.44,0.36,0:04,90032,0,,756,False
328,config-0,2898.0,7691.0,379.0,2140.0,0.25,ca-netscience.mtx,collaboration,gis,,7200,4000000,10,False,True,True,379.0,914.0,3.39,0.27,0:03,90420,0,,756,False
378,config-0,3173.0,8171.0,379.0,2415.0,0.24,ca-netscience.mtx,collaboration,gis,,7200,4000000,12,False,True,True,379.0,914.0,3.15,0.28,0:03,90120,0,,756,False
428,config-0,3755.0,9090.0,379.0,2997.0,0.27,ca-netscience.mtx,collaboration,gis,,7200,4000000,16,False,True,True,379.0,914.0,3.31,0.27,0:03,89372,0,,758,False
27,config-0,198.0,657.0,86.0,26.0,0.01,ca-sandi_auths.mtx,collaboration,gis,,7200,4000000,1,False,True,True,86.0,124.0,0.54,0.43,0:01,88924,0,,88,False
77,config-0,342.0,871.0,86.0,170.0,0.01,ca-sandi_auths.mtx,collaboration,gis,,7200,4000000,2,False,True,True,86.0,124.0,2.68,0.44,0:03,88908,0,,130,False
127,config-0,370.0,981.0,86.0,198.0,0.01,ca-sandi_auths.mtx,collaboration,gis,,7200,4000000,3,False,True,True,86.0,124.0,2.7,2.98,0:07,76396,0,,154,False
177,config-0,398.0,1090.0,86.0,226.0,0.01,ca-sandi_auths.mtx,collaboration,gis,,7200,4000000,4,False,True,True,86.0,124.0,2.7,0.41,0:03,87256,0,,160,False
227,config-0,517.0,1251.0,86.0,345.0,0.01,ca-sandi_auths.mtx,collaboration,gis,,7200,4000000,6,False,True,True,86.0,124.0,2.23,0.37,0:02,89148,0,,164,False
277,config-0,570.0,1394.0,86.0,398.0,0.01,ca-sandi_auths.mtx,collaboration,gis,,7200,4000000,8,False,True,True,86.0,124.0,2.24,0.36,0:02,89180,0,,170,False
327,config-0,640.0,1531.0,86.0,468.0,0.01,ca-sandi_auths.mtx,collaboration,gis,,7200,4000000,10,False,True,True,86.0,124.0,2.23,0.4,0:02,88316,0,,172,False
377,config-0,688.0,1630.0,86.0,516.0,0.01,ca-sandi_auths.mtx,collaboration,gis,,7200,4000000,12,False,True,True,86.0,124.0,2.17,0.37,0:02,88528,0,,172,False
427,config-0,801.0,1808.0,86.0,629.0,0.01,ca-sandi_auths.mtx,collaboration,gis,,7200,4000000,16,False,True,True,86.0,124.0,2.26,0.45,0:03,89144,0,,172,False
5,config-0,719.0,5686.0,332.0,55.0,0.18,inf-USAir97.mtx,infrastructure,gis,,7200,4000000,1,False,True,True,332.0,2126.0,0.84,0.27,0:01,91504,0,,264,False
55,config-0,1329.0,6680.0,332.0,665.0,0.20,inf-USAir97.mtx,infrastructure,gis,,7200,4000000,2,False,True,True,332.0,2126.0,2.81,0.27,0:03,90960,0,,568,False
105,config-0,1440.0,7119.0,332.0,776.0,0.18,inf-USAir97.mtx,infrastructure,gis,,7200,4000000,3,False,True,True,332.0,2126.0,2.8,0.32,0:03,90248,0,,618,False
155,config-0,1563.0,7557.0,332.0,899.0,0.17,inf-USAir97.mtx,infrastructure,gis,,7200,4000000,4,False,True,True,332.0,2126.0,2.81,0.37,0:03,90288,0,,626,False
205,config-0,2043.0,8209.0,332.0,1379.0,0.19,inf-USAir97.mtx,infrastructure,gis,,7200,4000000,6,False,True,True,332.0,2126.0,2.39,0.31,0:02,93596,0,,642,False
255,config-0,2275.0,8807.0,332.0,1611.0,0.23,inf-USAir97.mtx,infrastructure,gis,,7200,4000000,8,False,True,True,332.0,2126.0,2.44,0.29,0:02,90924,0,,652,False
305,config-0,2519.0,9383.0,332.0,1855.0,0.24,inf-USAir97.mtx,infrastructure,gis,,7200,4000000,10,False,True,True,332.0,2126.0,2.68,2.88,0:07,77756,0,,654,False
355,config-0,2777.0,9800.0,332.0,2113.0,0.24,inf-USAir97.mtx,infrastructure,gis,,7200,4000000,12,False,True,True,332.0,2126.0,2.57,0.31,0:03,91896,0,,660,False
405,config-0,3287.0,10600.0,332.0,2623.0,0.31,inf-USAir97.mtx,infrastructure,gis,,7200,4000000,16,False,True,True,332.0,2126.0,2.71,0.32,0:03,92204,0,,662,False
10,config-0,2368.0,7664.0,1138.0,92.0,1.24,power-1138-bus.mtx,power,gis,,7200,4000000,1,False,True,True,1138.0,2596.0,1.76,0.47,0:02,92924,0,,1148,False
60,config-0,4563.0,11258.0,1138.0,2287.0,1.49,power-1138-bus.mtx,power,gis,,7200,4000000,2,False,True,True,1138.0,2596.0,3.32,0.3,0:03,94760,0,,1558,False
110,config-0,4946.0,12775.0,1138.0,2670.0,1.72,power-1138-bus.mtx,power,gis,,7200,4000000,3,False,True,True,1138.0,2596.0,3.55,0.3,0:04,94848,0,,1884,False
160,config-0,5389.0,14291.0,1138.0,3113.0,1.82,power-1138-bus.mtx,power,gis,,7200,4000000,4,False,True,True,1138.0,2596.0,3.65,0.27,0:04,95032,0,,2074,False
210,config-0,7035.0,16555.0,1138.0,4759.0,2.24,power-1138-bus.mtx,power,gis,,7200,4000000,6,False,True,True,1138.0,2596.0,3.84,0.33,0:04,93668,0,,2220,False
260,config-0,7859.0,18639.0,1138.0,5583.0,2.22,power-1138-bus.mtx,power,gis,,7200,4000000,8,False,True,True,1138.0,2596.0,3.84,0.29,0:04,91208,0,,2264,False
310,config-0,8735.0,20645.0,1138.0,6459.0,2.32,power-1138-bus.mtx,power,gis,,7200,4000000,10,False,True,True,1138.0,2596.0,3.95,0.36,0:04,96756,0,,2272,False
360,config-0,9595.0,22118.0,1138.0,7319.0,2.56,power-1138-bus.mtx,power,gis,,7200,4000000,12,False,True,True,1138.0,2596.0,4.28,3.1,0:09,81944,0,,2276,False
410,config-0,11425.0,24948.0,1138.0,9149.0,2.79,power-1138-bus.mtx,power,gis,,7200,4000000,16,False,True,True,1138.0,2596.0,4.54,0.3,0:05,91816,0,,2276,False
6,config-0,1053.0,3278.0,494.0,65.0,0.21,power-494-bus.mtx,power,gis,,7200,4000000,1,False,True,True,494.0,1080.0,0.66,0.29,0:01,89148,0,,510,False
56,config-0,1981.0,4790.0,494.0,993.0,0.27,power-494-bus.mtx,power,gis,,7200,4000000,2,False,True,True,494.0,1080.0,1.36,0.31,0:02,89952,0,,650,False
106,config-0,2148.0,5447.0,494.0,1160.0,0.31,power-494-bus.mtx,power,gis,,7200,4000000,3,False,True,True,494.0,1080.0,1.42,0.31,0:02,90804,0,,824,False
156,config-0,2341.0,6101.0,494.0,1353.0,0.37,power-494-bus.mtx,power,gis,,7200,4000000,4,False,True,True,494.0,1080.0,1.58,3.07,0:06,77072,0,,908,False
206,config-0,3033.0,7085.0,494.0,2045.0,0.43,power-494-bus.mtx,power,gis,,7200,4000000,6,False,True,True,494.0,1080.0,1.56,0.31,0:02,94112,0,,968,False
256,config-0,3383.0,7971.0,494.0,2395.0,0.40,power-494-bus.mtx,power,gis,,7200,4000000,8,False,True,True,494.0,1080.0,1.52,0.35,0:02,90672,0,,986,False
306,config-0,3783.0,8833.0,494.0,2795.0,0.43,power-494-bus.mtx,power,gis,,7200,4000000,10,False,True,True,494.0,1080.0,1.61,0.3,0:02,96236,0,,988,False
356,config-0,4083.0,9478.0,494.0,3095.0,0.39,power-494-bus.mtx,power,gis,,7200,4000000,12,False,True,True,494.0,1080.0,1.53,0.27,0:01,92040,0,,988,False
406,config-0,4889.0,10670.0,494.0,3901.0,0.46,power-494-bus.mtx,power,gis,,7200,4000000,16,False,True,True,494.0,1080.0,1.65,0.27,0:02,91556,0,,988,False
9,config-0,1445.0,5460.0,685.0,75.0,0.45,power-685-bus.mtx,power,gis,,7200,4000000,1,False,True,True,685.0,1967.0,1.03,0.34,0:01,91620,0,,548,False
59,config-0,2745.0,7583.0,685.0,1375.0,0.61,power-685-bus.mtx,power,gis,,7200,4000000,2,False,True,True,685.0,1967.0,3.45,0.41,0:04,90336,0,,824,False
109,config-0,2976.0,8495.0,685.0,1606.0,0.74,power-685-bus.mtx,power,gis,,7200,4000000,3,False,True,True,685.0,1967.0,3.63,0.38,0:04,89628,0,,1058,False
159,config-0,3232.0,9403.0,685.0,1862.0,0.80,power-685-bus.mtx,power,gis,,7200,4000000,4,False,True,True,685.0,1967.0,3.67,0.35,0:04,89644,0,,1252,False
209,config-0,4212.0,10769.0,685.0,2842.0,0.89,power-685-bus.mtx,power,gis,,7200,4000000,6,False,True,True,685.0,1967.0,3.28,0.35,0:04,91836,0,,1366,False
259,config-0,4689.0,12005.0,685.0,3319.0,0.80,power-685-bus.mtx,power,gis,,7200,4000000,8,False,True,True,685.0,1967.0,3.26,0.36,0:04,94064,0,,1370,False
309,config-0,5259.0,13210.0,685.0,3889.0,0.73,power-685-bus.mtx,power,gis,,7200,4000000,10,False,True,True,685.0,1967.0,3.18,0.36,0:03,89136,0,,1370,False
359,config-0,5688.0,14101.0,685.0,4318.0,0.81,power-685-bus.mtx,power,gis,,7200,4000000,12,False,True,True,685.0,1967.0,3.24,3.16,0:08,80396,0,,1370,False
409,config-0,6786.0,15771.0,685.0,5416.0,1.01,power-685-bus.mtx,power,gis,,7200,4000000,16,False,True,True,685.0,1967.0,3.6,0.39,0:04,89852,0,,1370,False
11,config-0,10057.0,33362.0,4941.0,175.0,25.64,power-US-Grid.mtx,power,gis,,7200,4000000,1,False,True,True,4941.0,6594.0,26.66,3.17,0:31,89300,0,,4866,False
61,config-0,19812.0,49431.0,4941.0,9930.0,34.87,power-US-Grid.mtx,power,gis,,7200,4000000,2,False,True,True,4941.0,6594.0,37.79,0.43,0:38,97780,0,,6452,False
111,config-0,21475.0,56031.0,4941.0,11593.0,43.11,power-US-Grid.mtx,power,gis,,7200,4000000,3,False,True,True,4941.0,6594.0,46.13,0.56,0:47,99184,0,,8016,False
161,config-0,23390.0,62630.0,4941.0,13508.0,51.23,power-US-Grid.mtx,power,gis,,7200,4000000,4,False,True,True,4941.0,6594.0,54.33,0.59,0:55,95796,0,,8974,False
211,config-0,30567.0,72500.0,4941.0,20685.0,62.27,power-US-Grid.mtx,power,gis,,7200,4000000,6,False,True,True,4941.0,6594.0,65.05,0.63,1:06,96492,0,,9646,False
261,config-0,34143.0,81587.0,4941.0,24261.0,64.63,power-US-Grid.mtx,power,gis,,7200,4000000,8,False,True,True,4941.0,6594.0,67.49,0.63,1:09,96268,0,,9822,False
311,config-0,37955.0,90378.0,4941.0,28073.0,69.81,power-US-Grid.mtx,power,gis,,7200,4000000,10,False,True,True,4941.0,6594.0,72.7,0.65,1:14,98428,0,,9864,False
361,config-0,41378.0,96840.0,4941.0,31496.0,69.59,power-US-Grid.mtx,power,gis,,7200,4000000,12,False,True,True,4941.0,6594.0,72.5,0.65,1:13,98844,0,,9874,False
411,config-0,49366.0,109451.0,4941.0,39484.0,60.03,power-US-Grid.mtx,power,gis,,7200,4000000,16,False,True,True,4941.0,6594.0,63.33,3.34,1:08,110932,0,,9880,False
8,config-0,3556.0,11920.0,1723.0,110.0,3.00,power-bcspwr09.mtx,power,gis,,7200,4000000,1,False,True,True,1723.0,4117.0,3.7,0.41,0:04,99524,0,,1850,False
58,config-0,6894.0,17417.0,1723.0,3448.0,4.33,power-bcspwr09.mtx,power,gis,,7200,4000000,2,False,True,True,1723.0,4117.0,5.5,0.35,0:06,93520,0,,2288,False
108,config-0,7469.0,19711.0,1723.0,4023.0,5.36,power-bcspwr09.mtx,power,gis,,7200,4000000,3,False,True,True,1723.0,4117.0,6.54,3.17,0:11,84080,0,,2770,False
158,config-0,8168.0,22004.0,1723.0,4722.0,6.22,power-bcspwr09.mtx,power,gis,,7200,4000000,4,False,True,True,1723.0,4117.0,7.45,0.36,0:08,97584,0,,3106,False
208,config-0,10623.0,25438.0,1723.0,7177.0,7.44,power-bcspwr09.mtx,power,gis,,7200,4000000,6,False,True,True,1723.0,4117.0,8.6,0.42,0:09,96448,0,,3362,False
258,config-0,11895.0,28587.0,1723.0,8449.0,7.75,power-bcspwr09.mtx,power,gis,,7200,4000000,8,False,True,True,1723.0,4117.0,9.0,0.39,0:09,92620,0,,3430,False
308,config-0,13259.0,31660.0,1723.0,9813.0,7.71,power-bcspwr09.mtx,power,gis,,7200,4000000,10,False,True,True,1723.0,4117.0,9.03,0.45,0:10,92404,0,,3440,False
358,config-0,14312.0,33912.0,1723.0,10866.0,8.00,power-bcspwr09.mtx,power,gis,,7200,4000000,12,False,True,True,1723.0,4117.0,9.34,0.4,0:10,101460,0,,3446,False
408,config-0,17264.0,38341.0,1723.0,13818.0,9.10,power-bcspwr09.mtx,power,gis,,7200,4000000,16,False,True,True,1723.0,4117.0,10.56,0.47,0:11,98324,0,,3446,False
7,config-0,2445.0,22278.0,1176.0,93.0,1.25,power-eris1176.mtx,power,gis,,7200,4000000,1,False,True,True,1176.0,9864.0,3.63,0.31,0:04,96412,0,,1290,False
57,config-0,4717.0,26000.0,1176.0,2365.0,1.54,power-eris1176.mtx,power,gis,,7200,4000000,2,False,True,True,1176.0,9864.0,5.31,3.11,0:09,84104,0,,1874,False
107,config-0,5116.0,27571.0,1176.0,2764.0,1.62,power-eris1176.mtx,power,gis,,7200,4000000,3,False,True,True,1176.0,9864.0,5.51,0.42,0:06,98472,0,,2174,False
157,config-0,5567.0,29133.0,1176.0,3215.0,1.70,power-eris1176.mtx,power,gis,,7200,4000000,4,False,True,True,1176.0,9864.0,5.46,0.37,0:06,99808,0,,2196,False
207,config-0,7243.0,31489.0,1176.0,4891.0,2.05,power-eris1176.mtx,power,gis,,7200,4000000,6,False,True,True,1176.0,9864.0,5.51,0.32,0:06,96464,0,,2244,False
257,config-0,8075.0,33619.0,1176.0,5723.0,2.15,power-eris1176.mtx,power,gis,,7200,4000000,8,False,True,True,1176.0,9864.0,5.76,0.32,0:06,95548,0,,2348,False
307,config-0,9031.0,35699.0,1176.0,6679.0,2.17,power-eris1176.mtx,power,gis,,7200,4000000,10,False,True,True,1176.0,9864.0,5.67,0.32,0:06,96800,0,,2350,False
357,config-0,9769.0,37244.0,1176.0,7417.0,2.42,power-eris1176.mtx,power,gis,,7200,4000000,12,False,True,True,1176.0,9864.0,5.98,0.36,0:06,96660,0,,2350,False
407,config-0,11711.0,40136.0,1176.0,9359.0,2.75,power-eris1176.mtx,power,gis,,7200,4000000,16,False,True,True,1176.0,9864.0,6.46,0.34,0:07,95368,0,,2352,False
15,config-0,91.0,532.0,39.0,13.0,0.00,road-chesapeake.mtx,road,gis,,7200,4000000,1,False,True,True,39.0,170.0,0.44,0.33,0:00,89708,0,,30,False
65,config-0,153.0,618.0,39.0,75.0,0.00,road-chesapeake.mtx,road,gis,,7200,4000000,2,False,True,True,39.0,170.0,0.57,0.28,0:01,88412,0,,68,False
115,config-0,165.0,665.0,39.0,87.0,0.00,road-chesapeake.mtx,road,gis,,7200,4000000,3,False,True,True,39.0,170.0,0.59,0.3,0:01,88928,0,,78,False
165,config-0,177.0,711.0,39.0,99.0,0.00,road-chesapeake.mtx,road,gis,,7200,4000000,4,False,True,True,39.0,170.0,0.56,0.27,0:00,88148,0,,78,False
215,config-0,225.0,779.0,39.0,147.0,0.00,road-chesapeake.mtx,road,gis,,7200,4000000,6,False,True,True,39.0,170.0,0.6,0.31,0:01,89136,0,,78,False
265,config-0,247.0,837.0,39.0,169.0,0.00,road-chesapeake.mtx,road,gis,,7200,4000000,8,False,True,True,39.0,170.0,0.56,0.3,0:01,88112,0,,78,False
315,config-0,273.0,889.0,39.0,195.0,0.00,road-chesapeake.mtx,road,gis,,7200,4000000,10,False,True,True,39.0,170.0,0.57,3.04,0:05,78356,0,,78,False
365,config-0,289.0,926.0,39.0,211.0,0.00,road-chesapeake.mtx,road,gis,,7200,4000000,12,False,True,True,39.0,170.0,0.57,0.32,0:01,90512,0,,78,False
415,config-0,333.0,990.0,39.0,255.0,0.00,road-chesapeake.mtx,road,gis,,7200,4000000,16,False,True,True,39.0,170.0,0.59,0.31,0:01,88116,0,,78,False
12,config-0,2441.0,7728.0,1174.0,93.0,1.27,road-euroroad.edges,road,gis,,7200,4000000,1,False,True,True,1174.0,1417.0,1.62,0.24,0:02,68012,0,,1050,False
62,config-0,4709.0,11444.0,1174.0,2361.0,1.65,road-euroroad.edges,road,gis,,7200,4000000,2,False,True,True,1174.0,1417.0,3.29,0.25,0:04,66996,0,,1380,False
112,config-0,5108.0,13013.0,1174.0,2760.0,2.03,road-euroroad.edges,road,gis,,7200,4000000,3,False,True,True,1174.0,1417.0,3.77,2.3,0:07,57876,0,,1936,False
162,config-0,5557.0,14571.0,1174.0,3209.0,2.21,road-euroroad.edges,road,gis,,7200,4000000,4,False,True,True,1174.0,1417.0,4.03,0.24,0:04,71528,0,,2166,False
212,config-0,7233.0,16923.0,1174.0,4885.0,2.50,road-euroroad.edges,road,gis,,7200,4000000,6,False,True,True,1174.0,1417.0,4.06,0.19,0:04,70216,0,,2330,False
262,config-0,8063.0,19049.0,1174.0,5715.0,2.49,road-euroroad.edges,road,gis,,7200,4000000,8,False,True,True,1174.0,1417.0,4.04,0.26,0:04,72360,0,,2346,False
312,config-0,9019.0,21125.0,1174.0,6671.0,2.61,road-euroroad.edges,road,gis,,7200,4000000,10,False,True,True,1174.0,1417.0,4.14,0.26,0:04,66544,0,,2346,False
362,config-0,9747.0,22668.0,1174.0,7399.0,2.74,road-euroroad.edges,road,gis,,7200,4000000,12,False,True,True,1174.0,1417.0,4.28,0.24,0:04,67476,0,,2348,False
412,config-0,11697.0,25556.0,1174.0,9349.0,2.87,road-euroroad.edges,road,gis,,7200,4000000,16,False,True,True,1174.0,1417.0,4.5,0.27,0:05,72488,0,,2348,False
14,config-0,229986.0,699296.0,114599.0,788.0,,road-luxembourg-osm.mtx,road,gis,,7200,4000000,1,False,True,True,114599.0,119666.0,7208.28,1.92,2:00:42,404012,137,,-1,False
64,config-0,572989.0,1156110.0,114599.0,343791.0,,road-luxembourg-osm.mtx,road,gis,,7200,4000000,2,False,True,True,114599.0,119666.0,7210.82,3.35,2:00:47,573308,137,,-1,False
114,config-0,687582.0,1385295.0,114599.0,458384.0,,road-luxembourg-osm.mtx,road,gis,,7200,4000000,3,False,True,True,114599.0,119666.0,7211.8,3.49,2:00:48,654864,137,,-1,False
164,config-0,458370.0,2760214.0,114599.0,229172.0,,road-luxembourg-osm.mtx,road,gis,,7200,4000000,4,False,True,True,114599.0,119666.0,7216.32,2.6,2:00:49,995968,137,,-1,False
214,config-0,458370.0,2760213.0,114599.0,229172.0,,road-luxembourg-osm.mtx,road,gis,,7200,4000000,6,False,True,True,114599.0,119666.0,7214.53,4.44,2:00:48,2594460,137,,-1,False
264,config-0,458370.0,2760214.0,114599.0,229172.0,,road-luxembourg-osm.mtx,road,gis,,7200,4000000,8,False,True,True,114599.0,119666.0,7105.51,9.18,2:08:57,3544184,139,,-1,True
314,config-0,458370.0,2760213.0,114599.0,229172.0,,road-luxembourg-osm.mtx,road,gis,,7200,4000000,10,False,True,True,114599.0,119666.0,7214.15,5.9,2:00:53,3110212,137,,-1,False
364,config-0,458370.0,2760213.0,114599.0,229172.0,,road-luxembourg-osm.mtx,road,gis,,7200,4000000,12,False,True,True,114599.0,119666.0,7213.26,6.31,2:00:53,3078300,137,,-1,False
414,config-0,458370.0,2760214.0,114599.0,229172.0,,road-luxembourg-osm.mtx,road,gis,,7200,4000000,16,False,True,True,114599.0,119666.0,7212.86,6.09,2:00:49,2853408,137,,-1,False
16,config-0,5417.0,17478.0,2642.0,133.0,6.76,road-minnesota.mtx,road,gis,,7200,4000000,1,False,True,True,2642.0,3303.0,7.39,0.28,0:08,94184,0,,2156,False
66,config-0,10597.0,25988.0,2642.0,5313.0,7.15,road-minnesota.mtx,road,gis,,7200,4000000,2,False,True,True,2642.0,3303.0,9.88,0.31,0:10,94528,0,,2812,False
116,config-0,11492.0,29521.0,2642.0,6208.0,9.31,road-minnesota.mtx,road,gis,,7200,4000000,3,False,True,True,2642.0,3303.0,12.51,3.15,0:17,86236,0,,4030,False
166,config-0,12497.0,33039.0,2642.0,7213.0,12.95,road-minnesota.mtx,road,gis,,7200,4000000,4,False,True,True,2642.0,3303.0,16.0,0.42,0:16,96184,0,,4932,False
216,config-0,16365.0,38325.0,2642.0,11081.0,17.94,road-minnesota.mtx,road,gis,,7200,4000000,6,False,True,True,2642.0,3303.0,20.64,0.6,0:21,94092,0,,5284,False
266,config-0,18249.0,43179.0,2642.0,12965.0,19.75,road-minnesota.mtx,road,gis,,7200,4000000,8,False,True,True,2642.0,3303.0,22.5,0.57,0:23,96252,0,,5284,False
316,config-0,20257.0,47857.0,2642.0,14973.0,21.04,road-minnesota.mtx,road,gis,,7200,4000000,10,False,True,True,2642.0,3303.0,23.82,0.51,0:24,92380,0,,5284,False
366,config-0,22321.0,51284.0,2642.0,17037.0,23.11,road-minnesota.mtx,road,gis,,7200,4000000,12,False,True,True,2642.0,3303.0,25.79,0.56,0:29,92152,0,,5284,False
416,config-0,26583.0,57922.0,2642.0,21299.0,26.73,road-minnesota.mtx,road,gis,,7200,4000000,16,False,True,True,2642.0,3303.0,29.64,0.56,0:30,91944,0,,5284,False
13,config-0,,,,,,road-roadNet-PA.mtx,road,gis,,7200,4000000,1,False,True,False,,,125.77,15.42,2:24,3565808,255,,-1,True
63,config-0,,,,,,road-roadNet-PA.mtx,road,gis,,7200,4000000,2,False,True,False,,,127.78,13.18,2:22,3566748,255,,-1,True
113,config-0,,,,,,road-roadNet-PA.mtx,road,gis,,7200,4000000,3,False,True,False,,,128.47,13.32,2:22,3567748,255,,-1,True
163,config-0,,,,,,road-roadNet-PA.mtx,road,gis,,7200,4000000,4,False,True,False,,,129.08,13.26,2:24,3569732,255,,-1,True
213,config-0,,,,,,road-roadNet-PA.mtx,road,gis,,7200,4000000,6,False,True,False,,,128.47,13.46,2:23,3569520,255,,-1,True
263,config-0,,,,,,road-roadNet-PA.mtx,road,gis,,7200,4000000,8,False,True,False,,,126.65,13.17,2:21,3566960,255,,-1,True
313,config-0,,,,,,road-roadNet-PA.mtx,road,gis,,7200,4000000,10,False,True,False,,,127.96,13.0,2:22,3566860,255,,-1,True
363,config-0,,,,,,road-roadNet-PA.mtx,road,gis,,7200,4000000,12,False,True,False,,,126.49,13.0,2:20,3567720,255,,-1,True
413,config-0,,,,,,road-roadNet-PA.mtx,road,gis,,7200,4000000,16,False,True,False,,,131.11,15.26,2:28,3566516,255,,-1,True
34,config-0,140.0,622.0,62.0,16.0,0.00,soc-dolphins.mtx,social,gis,,7200,4000000,1,False,True,True,62.0,159.0,0.43,0.47,0:01,90956,0,,50,False
84,config-0,246.0,765.0,62.0,122.0,0.01,soc-dolphins.mtx,social,gis,,7200,4000000,2,False,True,True,62.0,159.0,1.13,0.3,0:01,88552,0,,76,False
134,config-0,266.0,843.0,62.0,142.0,0.02,soc-dolphins.mtx,social,gis,,7200,4000000,3,False,True,True,62.0,159.0,1.15,0.32,0:01,88464,0,,98,False
184,config-0,286.0,920.0,62.0,162.0,0.02,soc-dolphins.mtx,social,gis,,7200,4000000,4,False,True,True,62.0,159.0,1.13,0.3,0:01,88892,0,,114,False
234,config-0,369.0,1033.0,62.0,245.0,0.01,soc-dolphins.mtx,social,gis,,7200,4000000,6,False,True,True,62.0,159.0,1.03,0.31,0:01,87688,0,,124,False
284,config-0,406.0,1132.0,62.0,282.0,0.01,soc-dolphins.mtx,social,gis,,7200,4000000,8,False,True,True,62.0,159.0,1.02,0.29,0:01,92760,0,,124,False
334,config-0,454.0,1226.0,62.0,330.0,0.01,soc-dolphins.mtx,social,gis,,7200,4000000,10,False,True,True,62.0,159.0,1.03,0.31,0:01,88180,0,,124,False
384,config-0,486.0,1294.0,62.0,362.0,0.00,soc-dolphins.mtx,social,gis,,7200,4000000,12,False,True,True,62.0,159.0,1.02,3.02,0:05,75216,0,,124,False
434,config-0,563.0,1412.0,62.0,439.0,0.01,soc-dolphins.mtx,social,gis,,7200,4000000,16,False,True,True,62.0,159.0,1.07,0.32,0:01,89616,0,,124,False
4,config-0,79.0,334.0,32.0,15.0,0.00,soccer_ball.txt,geometric,gis,,7200,4000000,1,False,True,True,32.0,90.0,0.25,0.2,0:00,65012,0,,20,False
54,config-0,126.0,407.0,32.0,62.0,0.01,soccer_ball.txt,geometric,gis,,7200,4000000,2,False,True,True,32.0,90.0,0.3,0.17,0:00,65060,0,,26,False
104,config-0,136.0,445.0,32.0,72.0,0.00,soccer_ball.txt,geometric,gis,,7200,4000000,3,False,True,True,32.0,90.0,0.3,2.26,0:04,54552,0,,64,False
154,config-0,146.0,482.0,32.0,82.0,0.00,soccer_ball.txt,geometric,gis,,7200,4000000,4,False,True,True,32.0,90.0,0.3,0.34,0:00,65172,0,,64,False
204,config-0,184.0,535.0,32.0,120.0,0.00,soccer_ball.txt,geometric,gis,,7200,4000000,6,False,True,True,32.0,90.0,0.31,0.2,0:00,65216,0,,64,False
254,config-0,201.0,579.0,32.0,137.0,0.00,soccer_ball.txt,geometric,gis,,7200,4000000,8,False,True,True,32.0,90.0,0.28,0.24,0:00,65304,0,,64,False
304,config-0,223.0,619.0,32.0,159.0,0.00,soccer_ball.txt,geometric,gis,,7200,4000000,10,False,True,True,32.0,90.0,0.31,0.2,0:00,65160,0,,64,False
354,config-0,239.0,647.0,32.0,175.0,0.00,soccer_ball.txt,geometric,gis,,7200,4000000,12,False,True,True,32.0,90.0,0.33,0.2,0:00,65340,0,,64,False
404,config-0,267.0,696.0,32.0,203.0,0.00,soccer_ball.txt,geometric,gis,,7200,4000000,16,False,True,True,32.0,90.0,0.34,0.19,0:00,67572,0,,64,False
45,config-0,4593.0,191122.0,2235.0,123.0,339.51,socfb-Amherst41.mtx,social,gis,,7200,4000000,1,False,True,True,2235.0,90954.0,358.5,3.63,6:05,255912,0,,856,False
95,config-0,8964.0,198308.0,2235.0,4494.0,1155.94,socfb-Amherst41.mtx,social,gis,,7200,4000000,2,False,True,True,2235.0,90954.0,1177.12,1.91,19:46,189920,0,,3282,False
145,config-0,9726.0,201301.0,2235.0,5256.0,783.41,socfb-Amherst41.mtx,social,gis,,7200,4000000,3,False,True,True,2235.0,90954.0,805.51,1.6,13:32,155128,0,,4108,False
195,config-0,10585.0,204266.0,2235.0,6115.0,575.98,socfb-Amherst41.mtx,social,gis,,7200,4000000,4,False,True,True,2235.0,90954.0,597.63,1.56,10:02,155156,0,,4380,False
245,config-0,13847.0,208761.0,2235.0,9377.0,437.08,socfb-Amherst41.mtx,social,gis,,7200,4000000,6,False,True,True,2235.0,90954.0,458.29,1.38,7:42,158648,0,,4468,False
295,config-0,15439.0,212865.0,2235.0,10969.0,364.08,socfb-Amherst41.mtx,social,gis,,7200,4000000,8,False,True,True,2235.0,90954.0,385.11,1.2,6:28,157716,0,,4470,False
345,config-0,17227.0,216780.0,2235.0,12757.0,322.00,socfb-Amherst41.mtx,social,gis,,7200,4000000,10,False,True,True,2235.0,90954.0,343.24,1.14,5:46,158372,0,,4470,False
395,config-0,18870.0,219694.0,2235.0,14400.0,289.26,socfb-Amherst41.mtx,social,gis,,7200,4000000,12,False,True,True,2235.0,90954.0,309.71,1.12,5:12,158824,0,,4470,False
445,config-0,22516.0,225344.0,2235.0,18046.0,246.26,socfb-Amherst41.mtx,social,gis,,7200,4000000,16,False,True,True,2235.0,90954.0,266.79,3.63,4:33,159192,0,,4470,False
38,config-0,4627.0,178056.0,2252.0,123.0,206.15,socfb-Bowdoin47.mtx,social,gis,,7200,4000000,1,False,True,True,2252.0,84387.0,218.74,0.71,3:40,258948,0,,828,False
88,config-0,9037.0,185298.0,2252.0,4533.0,757.23,socfb-Bowdoin47.mtx,social,gis,,7200,4000000,2,False,True,True,2252.0,84387.0,770.78,1.1,12:55,192888,0,,3274,False
138,config-0,9804.0,188313.0,2252.0,5300.0,553.19,socfb-Bowdoin47.mtx,social,gis,,7200,4000000,3,False,True,True,2252.0,84387.0,567.59,1.0,9:33,168312,0,,4140,False
188,config-0,10675.0,191307.0,2252.0,6171.0,436.84,socfb-Bowdoin47.mtx,social,gis,,7200,4000000,4,False,True,True,2252.0,84387.0,450.63,0.84,7:33,169176,0,,4404,False
238,config-0,13967.0,195819.0,2252.0,9463.0,443.25,socfb-Bowdoin47.mtx,social,gis,,7200,4000000,6,False,True,True,2252.0,84387.0,461.12,3.99,7:49,149756,0,,4498,False
288,config-0,15583.0,199957.0,2252.0,11079.0,367.01,socfb-Bowdoin47.mtx,social,gis,,7200,4000000,8,False,True,True,2252.0,84387.0,385.07,1.07,6:29,152512,0,,4502,False
338,config-0,17347.0,203913.0,2252.0,12843.0,324.75,socfb-Bowdoin47.mtx,social,gis,,7200,4000000,10,False,True,True,2252.0,84387.0,341.71,1.02,5:44,152416,0,,4504,False
388,config-0,19041.0,206854.0,2252.0,14537.0,293.83,socfb-Bowdoin47.mtx,social,gis,,7200,4000000,12,False,True,True,2252.0,84387.0,310.7,0.96,5:13,154716,0,,4504,False
438,config-0,22727.0,212526.0,2252.0,18223.0,247.30,socfb-Bowdoin47.mtx,social,gis,,7200,4000000,16,False,True,True,2252.0,84387.0,264.28,0.87,4:27,156452,0,,4504,False
44,config-0,1616.0,36550.0,769.0,78.0,15.76,socfb-Caltech36.mtx,social,gis,,7200,4000000,1,False,True,True,769.0,16656.0,18.91,0.42,0:19,97128,0,,268,False
94,config-0,3074.0,38944.0,769.0,1536.0,142.35,socfb-Caltech36.mtx,social,gis,,7200,4000000,2,False,True,True,769.0,16656.0,149.03,0.64,2:31,102456,0,,970,False
144,config-0,3330.0,39965.0,769.0,1792.0,105.14,socfb-Caltech36.mtx,social,gis,,7200,4000000,3,False,True,True,769.0,16656.0,111.93,0.53,1:53,102976,0,,1342,False
194,config-0,3613.0,40984.0,769.0,2075.0,73.27,socfb-Caltech36.mtx,social,gis,,7200,4000000,4,False,True,True,769.0,16656.0,79.96,0.5,1:21,102096,0,,1454,False
244,config-0,4730.0,42511.0,769.0,3192.0,48.04,socfb-Caltech36.mtx,social,gis,,7200,4000000,6,False,True,True,769.0,16656.0,53.86,0.47,0:55,99092,0,,1528,False
294,config-0,5266.0,43906.0,769.0,3728.0,31.87,socfb-Caltech36.mtx,social,gis,,7200,4000000,8,False,True,True,769.0,16656.0,37.72,0.41,0:38,99044,0,,1536,False
344,config-0,5932.0,45267.0,769.0,4394.0,22.29,socfb-Caltech36.mtx,social,gis,,7200,4000000,10,False,True,True,769.0,16656.0,28.0,0.44,0:29,99124,0,,1538,False
394,config-0,6434.0,46248.0,769.0,4896.0,15.18,socfb-Caltech36.mtx,social,gis,,7200,4000000,12,False,True,True,769.0,16656.0,20.92,3.18,0:26,89912,0,,1538,False
444,config-0,7633.0,48134.0,769.0,6095.0,9.05,socfb-Caltech36.mtx,social,gis,,7200,4000000,16,False,True,True,769.0,16656.0,15.02,0.43,0:15,100568,0,,1538,False
47,config-0,7115.0,324364.0,3482.0,151.0,941.52,socfb-Colgate88.mtx,social,gis,,7200,4000000,1,False,True,True,3482.0,155043.0,974.46,1.64,16:22,377112,0,,1560,False
97,config-0,13951.0,335630.0,3482.0,6987.0,2465.23,socfb-Colgate88.mtx,social,gis,,7200,4000000,2,False,True,True,3482.0,155043.0,2497.57,2.66,41:54,251132,0,,5354,False
147,config-0,15128.0,340285.0,3482.0,8164.0,1696.46,socfb-Colgate88.mtx,social,gis,,7200,4000000,3,False,True,True,3482.0,155043.0,1729.14,2.12,38:50,209312,0,,6544,False
197,config-0,16531.0,344913.0,3482.0,9567.0,1173.45,socfb-Colgate88.mtx,social,gis,,7200,4000000,4,False,True,True,3482.0,155043.0,1207.62,1.82,20:15,230360,0,,6878,False
247,config-0,21481.0,351891.0,3482.0,14517.0,888.86,socfb-Colgate88.mtx,social,gis,,7200,4000000,6,False,True,True,3482.0,155043.0,922.6,1.6,15:28,231492,0,,6962,False
297,config-0,24033.0,358239.0,3482.0,17069.0,741.41,socfb-Colgate88.mtx,social,gis,,7200,4000000,8,False,True,True,3482.0,155043.0,772.81,1.52,13:02,232940,0,,6964,False
347,config-0,26793.0,364457.0,3482.0,19829.0,674.17,socfb-Colgate88.mtx,social,gis,,7200,4000000,10,False,True,True,3482.0,155043.0,702.73,1.5,11:47,238372,0,,6964,False
397,config-0,29147.0,369038.0,3482.0,22183.0,809.57,socfb-Colgate88.mtx,social,gis,,7200,4000000,12,False,True,True,3482.0,155043.0,843.01,4.35,14:14,215972,0,,6964,False
447,config-0,35033.0,378040.0,3482.0,28069.0,741.08,socfb-Colgate88.mtx,social,gis,,7200,4000000,16,False,True,True,3482.0,155043.0,773.71,1.51,13:00,217536,0,,6964,False
36,config-0,4753.0,202322.0,2314.0,125.0,415.34,socfb-Hamilton46.mtx,social,gis,,7200,4000000,1,False,True,True,2314.0,96394.0,436.84,1.17,7:21,270148,0,,952,False
86,config-0,9263.0,209756.0,2314.0,4635.0,1270.34,socfb-Hamilton46.mtx,social,gis,,7200,4000000,2,False,True,True,2314.0,96394.0,1292.38,1.81,21:42,192952,0,,3456,False
136,config-0,10040.0,212843.0,2314.0,5412.0,821.56,socfb-Hamilton46.mtx,social,gis,,7200,4000000,3,False,True,True,2314.0,96394.0,844.02,1.51,14:10,163612,0,,4298,False
186,config-0,10931.0,215919.0,2314.0,6303.0,665.98,socfb-Hamilton46.mtx,social,gis,,7200,4000000,4,False,True,True,2314.0,96394.0,687.77,4.2,11:38,159700,0,,4548,False
236,config-0,14265.0,220545.0,2314.0,9637.0,488.75,socfb-Hamilton46.mtx,social,gis,,7200,4000000,6,False,True,True,2314.0,96394.0,511.45,1.32,8:36,160732,0,,4628,False
286,config-0,15921.0,224765.0,2314.0,11293.0,431.65,socfb-Hamilton46.mtx,social,gis,,7200,4000000,8,False,True,True,2314.0,96394.0,453.71,1.22,7:38,162344,0,,4628,False
336,config-0,17881.0,228887.0,2314.0,13253.0,369.89,socfb-Hamilton46.mtx,social,gis,,7200,4000000,10,False,True,True,2314.0,96394.0,391.71,1.17,6:35,162504,0,,4628,False
386,config-0,19371.0,231888.0,2314.0,14743.0,360.71,socfb-Hamilton46.mtx,social,gis,,7200,4000000,12,False,True,True,2314.0,96394.0,382.96,1.16,6:26,163312,0,,4628,False
436,config-0,23147.0,237632.0,2314.0,18519.0,292.30,socfb-Hamilton46.mtx,social,gis,,7200,4000000,16,False,True,True,2314.0,96394.0,314.12,1.0,5:17,164372,0,,4628,False
33,config-0,2995.0,125188.0,1446.0,103.0,188.49,socfb-Haverford76.mtx,social,gis,,7200,4000000,1,False,True,True,1446.0,59589.0,202.73,0.87,3:25,204788,0,,580,False
83,config-0,5787.0,129778.0,1446.0,2895.0,630.41,socfb-Haverford76.mtx,social,gis,,7200,4000000,2,False,True,True,1446.0,59589.0,647.47,1.39,10:53,152108,0,,2156,False
133,config-0,6272.0,131705.0,1446.0,3380.0,397.30,socfb-Haverford76.mtx,social,gis,,7200,4000000,3,False,True,True,1446.0,59589.0,414.55,1.19,6:58,128452,0,,2692,False
183,config-0,6811.0,133625.0,1446.0,3919.0,273.61,socfb-Haverford76.mtx,social,gis,,7200,4000000,4,False,True,True,1446.0,59589.0,290.58,1.01,4:53,151060,0,,2840,False
233,config-0,8909.0,136511.0,1446.0,6017.0,229.68,socfb-Haverford76.mtx,social,gis,,7200,4000000,6,False,True,True,1446.0,59589.0,245.75,3.53,4:12,150292,0,,2890,False
283,config-0,9925.0,139143.0,1446.0,7033.0,192.49,socfb-Haverford76.mtx,social,gis,,7200,4000000,8,False,True,True,1446.0,59589.0,208.92,0.73,3:31,145528,0,,2892,False
333,config-0,11093.0,141725.0,1446.0,8201.0,166.90,socfb-Haverford76.mtx,social,gis,,7200,4000000,10,False,True,True,1446.0,59589.0,183.54,0.87,3:06,126536,0,,2892,False
383,config-0,12103.0,143594.0,1446.0,9211.0,136.31,socfb-Haverford76.mtx,social,gis,,7200,4000000,12,False,True,True,1446.0,59589.0,152.94,0.86,2:35,128164,0,,2892,False
433,config-0,14421.0,147256.0,1446.0,11529.0,107.28,socfb-Haverford76.mtx,social,gis,,7200,4000000,16,False,True,True,1446.0,59589.0,123.73,0.75,2:05,131500,0,,2892,False
48,config-0,7651.0,179156.0,3748.0,155.0,261.94,socfb-Mich67.mtx,social,gis,,7200,4000000,1,False,True,True,3748.0,81903.0,274.68,0.88,4:37,229456,0,,1354,False
98,config-0,15053.0,191314.0,3748.0,7557.0,2127.27,socfb-Mich67.mtx,social,gis,,7200,4000000,2,False,True,True,3748.0,81903.0,2140.94,2.29,35:55,200384,0,,4080,False
148,config-0,16332.0,196337.0,3748.0,8836.0,1884.41,socfb-Mich67.mtx,social,gis,,7200,4000000,3,False,True,True,3748.0,81903.0,1898.12,2.47,31:52,179864,0,,6140,False
198,config-0,17835.0,201331.0,3748.0,10339.0,1194.60,socfb-Mich67.mtx,social,gis,,7200,4000000,4,False,True,True,3748.0,81903.0,1207.55,1.68,30:02,159684,0,,7094,False
248,config-0,23271.0,208843.0,3748.0,15775.0,933.22,socfb-Mich67.mtx,social,gis,,7200,4000000,6,False,True,True,3748.0,81903.0,946.17,1.34,15:51,175156,0,,7482,False
298,config-0,26023.0,215749.0,3748.0,18527.0,819.19,socfb-Mich67.mtx,social,gis,,7200,4000000,8,False,True,True,3748.0,81903.0,831.86,1.34,13:56,178748,0,,7496,False
348,config-0,28635.0,222369.0,3748.0,21139.0,680.88,socfb-Mich67.mtx,social,gis,,7200,4000000,10,False,True,True,3748.0,81903.0,693.73,1.16,11:38,177404,0,,7496,False
398,config-0,31745.0,227254.0,3748.0,24249.0,732.34,socfb-Mich67.mtx,social,gis,,7200,4000000,12,False,True,True,3748.0,81903.0,745.32,4.25,12:35,159480,0,,7496,False
448,config-0,37991.0,236726.0,3748.0,30495.0,642.94,socfb-Mich67.mtx,social,gis,,7200,4000000,16,False,True,True,3748.0,81903.0,656.75,1.52,11:02,158992,0,,7496,False
37,config-0,6291.0,261840.0,3075.0,141.0,703.74,socfb-Middlebury45.mtx,social,gis,,7200,4000000,1,False,True,True,3075.0,124610.0,730.27,1.29,12:16,316856,0,,1272,False
87,config-0,12300.0,271764.0,3075.0,6150.0,2370.92,socfb-Middlebury45.mtx,social,gis,,7200,4000000,2,False,True,True,3075.0,124610.0,2400.62,5.23,40:23,229716,0,,4516,False
137,config-0,13326.0,275861.0,3075.0,7176.0,1289.92,socfb-Middlebury45.mtx,social,gis,,7200,4000000,3,False,True,True,3075.0,124610.0,1319.31,1.98,22:09,184180,0,,5638,False
187,config-0,14473.0,279954.0,3075.0,8323.0,898.11,socfb-Middlebury45.mtx,social,gis,,7200,4000000,4,False,True,True,3075.0,124610.0,925.73,1.58,15:33,183200,0,,6016,False
237,config-0,18952.0,286095.0,3075.0,12802.0,701.68,socfb-Middlebury45.mtx,social,gis,,7200,4000000,6,False,True,True,3075.0,124610.0,728.66,1.25,22:01,184848,0,,6146,False
287,config-0,21120.0,291716.0,3075.0,14970.0,609.99,socfb-Middlebury45.mtx,social,gis,,7200,4000000,8,False,True,True,3075.0,124610.0,636.91,1.09,10:41,207420,0,,6150,False
337,config-0,23798.0,297207.0,3075.0,17648.0,537.07,socfb-Middlebury45.mtx,social,gis,,7200,4000000,10,False,True,True,3075.0,124610.0,563.44,1.01,9:27,206316,0,,6150,False
387,config-0,25828.0,301172.0,3075.0,19678.0,505.43,socfb-Middlebury45.mtx,social,gis,,7200,4000000,12,False,True,True,3075.0,124610.0,531.93,0.94,8:55,207308,0,,6150,False
437,config-0,30693.0,308822.0,3075.0,24543.0,435.31,socfb-Middlebury45.mtx,social,gis,,7200,4000000,16,False,True,True,3075.0,124610.0,460.35,0.84,7:43,208736,0,,6150,False
42,config-0,5979.0,191820.0,2920.0,139.0,433.31,socfb-Oberlin44.mtx,social,gis,,7200,4000000,1,False,True,True,2920.0,89912.0,449.17,3.82,7:38,267820,0,,948,False
92,config-0,11709.0,201248.0,2920.0,5869.0,1882.97,socfb-Oberlin44.mtx,social,gis,,7200,4000000,2,False,True,True,2920.0,89912.0,1901.9,2.19,31:56,200672,0,,3880,False
142,config-0,12700.0,205155.0,2920.0,6860.0,1186.93,socfb-Oberlin44.mtx,social,gis,,7200,4000000,3,False,True,True,2920.0,89912.0,1205.21,1.77,20:14,167592,0,,5148,False
192,config-0,13791.0,209037.0,2920.0,7951.0,857.17,socfb-Oberlin44.mtx,social,gis,,7200,4000000,4,False,True,True,2920.0,89912.0,874.74,1.63,14:43,158816,0,,5636,False
242,config-0,18011.0,214897.0,2920.0,12171.0,651.34,socfb-Oberlin44.mtx,social,gis,,7200,4000000,6,False,True,True,2920.0,89912.0,668.14,1.34,21:02,166400,0,,5828,False
292,config-0,20059.0,220211.0,2920.0,14219.0,572.16,socfb-Oberlin44.mtx,social,gis,,7200,4000000,8,False,True,True,2920.0,89912.0,589.18,1.18,9:53,180424,0,,5840,False
342,config-0,22407.0,225419.0,2920.0,16567.0,508.25,socfb-Oberlin44.mtx,social,gis,,7200,4000000,10,False,True,True,2920.0,89912.0,525.37,1.2,8:52,185160,0,,5840,False
392,config-0,24625.0,229220.0,2920.0,18785.0,486.86,socfb-Oberlin44.mtx,social,gis,,7200,4000000,12,False,True,True,2920.0,89912.0,503.74,1.16,8:27,182280,0,,5840,False
442,config-0,29207.0,236656.0,2920.0,23367.0,598.49,socfb-Oberlin44.mtx,social,gis,,7200,4000000,16,False,True,True,2920.0,89912.0,616.26,4.1,10:26,164032,0,,5840,False
32,config-0,7040.0,318142.0,3445.0,150.0,759.94,socfb-Pepperdine86.mtx,social,gis,,7200,4000000,1,False,True,True,3445.0,152007.0,794.52,1.45,13:21,372540,0,,1602,False
82,config-0,13788.0,329273.0,3445.0,6898.0,2151.54,socfb-Pepperdine86.mtx,social,gis,,7200,4000000,2,False,True,True,3445.0,152007.0,2186.92,2.49,36:42,245576,0,,5096,False
132,config-0,14939.0,333865.0,3445.0,8049.0,1419.71,socfb-Pepperdine86.mtx,social,gis,,7200,4000000,3,False,True,True,3445.0,152007.0,1454.66,1.79,24:23,206468,0,,6290,False
182,config-0,16342.0,338456.0,3445.0,9452.0,1038.63,socfb-Pepperdine86.mtx,social,gis,,7200,4000000,4,False,True,True,3445.0,152007.0,1072.11,1.52,27:49,209828,0,,6724,False
232,config-0,21255.0,345334.0,3445.0,14365.0,807.57,socfb-Pepperdine86.mtx,social,gis,,7200,4000000,6,False,True,True,3445.0,152007.0,841.09,1.25,14:06,228664,0,,6882,False
282,config-0,23807.0,351645.0,3445.0,16917.0,848.45,socfb-Pepperdine86.mtx,social,gis,,7200,4000000,8,False,True,True,3445.0,152007.0,883.97,4.52,14:55,210156,0,,6888,False
332,config-0,26531.0,357804.0,3445.0,19641.0,749.35,socfb-Pepperdine86.mtx,social,gis,,7200,4000000,10,False,True,True,3445.0,152007.0,785.2,1.69,13:12,213436,0,,6890,False
382,config-0,28650.0,362322.0,3445.0,21760.0,716.89,socfb-Pepperdine86.mtx,social,gis,,7200,4000000,12,False,True,True,3445.0,152007.0,752.85,1.59,12:39,213068,0,,6890,False
432,config-0,34574.0,371213.0,3445.0,27684.0,646.76,socfb-Pepperdine86.mtx,social,gis,,7200,4000000,16,False,True,True,3445.0,152007.0,681.79,1.42,11:27,218124,0,,6890,False
46,config-0,2011.0,41658.0,962.0,87.0,16.31,socfb-Reed98.mtx,social,gis,,7200,4000000,1,False,True,True,962.0,18812.0,19.1,0.4,0:20,100140,0,,306,False
96,config-0,3847.0,44672.0,962.0,1923.0,169.28,socfb-Reed98.mtx,social,gis,,7200,4000000,2,False,True,True,962.0,18812.0,172.94,3.37,2:59,120076,0,,1116,False
146,config-0,4168.0,45951.0,962.0,2244.0,166.93,socfb-Reed98.mtx,social,gis,,7200,4000000,3,False,True,True,962.0,18812.0,170.52,0.53,2:52,113836,0,,1610,False
196,config-0,4547.0,47227.0,962.0,2623.0,107.76,socfb-Reed98.mtx,social,gis,,7200,4000000,4,False,True,True,962.0,18812.0,111.31,0.46,1:52,100000,0,,1818,False
246,config-0,5921.0,49141.0,962.0,3997.0,76.33,socfb-Reed98.mtx,social,gis,,7200,4000000,6,False,True,True,962.0,18812.0,79.91,0.47,1:21,101912,0,,1922,False
296,config-0,6617.0,50889.0,962.0,4693.0,59.98,socfb-Reed98.mtx,social,gis,,7200,4000000,8,False,True,True,962.0,18812.0,63.4,0.44,1:04,103144,0,,1922,False
346,config-0,7377.0,52603.0,962.0,5453.0,45.28,socfb-Reed98.mtx,social,gis,,7200,4000000,10,False,True,True,962.0,18812.0,48.74,0.45,0:49,99448,0,,1922,False
396,config-0,8051.0,53828.0,962.0,6127.0,36.00,socfb-Reed98.mtx,social,gis,,7200,4000000,12,False,True,True,962.0,18812.0,39.46,0.43,0:40,99268,0,,1924,False
446,config-0,9611.0,56196.0,962.0,7687.0,22.82,socfb-Reed98.mtx,social,gis,,7200,4000000,16,False,True,True,962.0,18812.0,26.38,0.39,0:27,99072,0,,1924,False
29,config-0,3140.0,72276.0,1518.0,104.0,54.35,socfb-Simmons81.mtx,social,gis,,7200,4000000,1,False,True,True,1518.0,32988.0,59.3,0.56,1:00,130348,0,,446,False
79,config-0,6085.0,77106.0,1518.0,3049.0,425.64,socfb-Simmons81.mtx,social,gis,,7200,4000000,2,False,True,True,1518.0,32988.0,434.0,1.05,7:18,126028,0,,1910,False
129,config-0,6596.0,79131.0,1518.0,3560.0,361.40,socfb-Simmons81.mtx,social,gis,,7200,4000000,3,False,True,True,1518.0,32988.0,369.63,0.96,6:13,112664,0,,2638,False
179,config-0,7165.0,81153.0,1518.0,4129.0,269.92,socfb-Simmons81.mtx,social,gis,,7200,4000000,4,False,True,True,1518.0,32988.0,278.42,3.61,4:45,117092,0,,2922,False
229,config-0,9385.0,84179.0,1518.0,6349.0,206.71,socfb-Simmons81.mtx,social,gis,,7200,4000000,6,False,True,True,1518.0,32988.0,214.3,0.65,3:36,114628,0,,3032,False
279,config-0,10461.0,86961.0,1518.0,7425.0,166.70,socfb-Simmons81.mtx,social,gis,,7200,4000000,8,False,True,True,1518.0,32988.0,174.34,0.63,2:56,107156,0,,3034,False
329,config-0,11677.0,89643.0,1518.0,8641.0,137.01,socfb-Simmons81.mtx,social,gis,,7200,4000000,10,False,True,True,1518.0,32988.0,144.6,0.62,2:26,136988,0,,3036,False
379,config-0,12801.0,91610.0,1518.0,9765.0,115.12,socfb-Simmons81.mtx,social,gis,,7200,4000000,12,False,True,True,1518.0,32988.0,122.57,0.63,2:04,109320,0,,3036,False
429,config-0,15207.0,95396.0,1518.0,12171.0,86.96,socfb-Simmons81.mtx,social,gis,,7200,4000000,16,False,True,True,1518.0,32988.0,94.76,0.62,1:36,107980,0,,3036,False
49,config-0,6079.0,206462.0,2970.0,139.0,462.95,socfb-Smith60.mtx,social,gis,,7200,4000000,1,False,True,True,2970.0,97133.0,479.21,1.14,8:04,272772,0,,928,False
99,config-0,11883.0,216040.0,2970.0,5943.0,1978.16,socfb-Smith60.mtx,social,gis,,7200,4000000,2,False,True,True,2970.0,97133.0,1998.22,2.36,33:33,206948,0,,4064,False
149,config-0,12874.0,219997.0,2970.0,6934.0,1227.78,socfb-Smith60.mtx,social,gis,,7200,4000000,3,False,True,True,2970.0,97133.0,1246.88,1.94,20:56,174336,0,,5374,False
199,config-0,13989.0,223953.0,2970.0,8049.0,824.45,socfb-Smith60.mtx,social,gis,,7200,4000000,4,False,True,True,2970.0,97133.0,842.92,1.5,14:10,173712,0,,5798,False
249,config-0,18235.0,229939.0,2970.0,12295.0,645.29,socfb-Smith60.mtx,social,gis,,7200,4000000,6,False,True,True,2970.0,97133.0,663.02,1.2,20:55,177300,0,,5938,False
299,config-0,20333.0,235379.0,2970.0,14393.0,699.98,socfb-Smith60.mtx,social,gis,,7200,4000000,8,False,True,True,2970.0,97133.0,719.08,4.28,12:10,167376,0,,5940,False
349,config-0,22825.0,240637.0,2970.0,16885.0,577.21,socfb-Smith60.mtx,social,gis,,7200,4000000,10,False,True,True,2970.0,97133.0,596.38,1.41,10:02,162860,0,,5940,False
399,config-0,24899.0,244462.0,2970.0,18959.0,562.49,socfb-Smith60.mtx,social,gis,,7200,4000000,12,False,True,True,2970.0,97133.0,581.3,1.49,9:46,163840,0,,5940,False
449,config-0,29481.0,251972.0,2970.0,23541.0,492.82,socfb-Smith60.mtx,social,gis,,7200,4000000,16,False,True,True,2970.0,97133.0,511.76,1.32,8:36,165380,0,,5940,False
31,config-0,3426.0,128972.0,1659.0,108.0,214.64,socfb-Swarthmore42.mtx,social,gis,,7200,4000000,1,False,True,True,1659.0,61050.0,227.23,0.76,3:49,212408,0,,602,False
81,config-0,6660.0,134276.0,1659.0,3342.0,822.13,socfb-Swarthmore42.mtx,social,gis,,7200,4000000,2,False,True,True,1659.0,61050.0,835.77,1.55,14:03,155384,0,,2376,False
131,config-0,7230.0,136501.0,1659.0,3912.0,480.54,socfb-Swarthmore42.mtx,social,gis,,7200,4000000,3,False,True,True,1659.0,61050.0,493.42,1.18,8:18,131864,0,,3048,False
181,config-0,7897.0,138698.0,1659.0,4579.0,333.43,socfb-Swarthmore42.mtx,social,gis,,7200,4000000,4,False,True,True,1659.0,61050.0,346.33,0.99,5:49,161412,0,,3256,False
231,config-0,10295.0,142041.0,1659.0,6977.0,250.11,socfb-Swarthmore42.mtx,social,gis,,7200,4000000,6,False,True,True,1659.0,61050.0,262.81,0.65,4:25,127280,0,,3318,False
281,config-0,11503.0,145089.0,1659.0,8185.0,261.75,socfb-Swarthmore42.mtx,social,gis,,7200,4000000,8,False,True,True,1659.0,61050.0,275.04,3.85,4:43,131228,0,,3318,False
331,config-0,12715.0,147980.0,1659.0,9397.0,216.04,socfb-Swarthmore42.mtx,social,gis,,7200,4000000,10,False,True,True,1659.0,61050.0,229.84,1.0,3:52,128136,0,,3318,False
381,config-0,13765.0,150163.0,1659.0,10447.0,186.53,socfb-Swarthmore42.mtx,social,gis,,7200,4000000,12,False,True,True,1659.0,61050.0,200.41,0.77,3:22,128288,0,,3318,False
431,config-0,16474.0,154341.0,1659.0,13156.0,146.85,socfb-Swarthmore42.mtx,social,gis,,7200,4000000,16,False,True,True,1659.0,61050.0,160.9,0.88,2:43,130624,0,,3318,False
40,config-0,5359.0,234748.0,2613.0,133.0,613.56,socfb-Trinity100.mtx,social,gis,,7200,4000000,1,False,True,True,2613.0,111996.0,637.47,4.08,10:47,292132,0,,1100,False
90,config-0,10470.0,243160.0,2613.0,5244.0,2144.21,socfb-Trinity100.mtx,social,gis,,7200,4000000,2,False,True,True,2613.0,111996.0,2171.9,2.58,36:27,208960,0,,3958,False
140,config-0,11354.0,246653.0,2613.0,6128.0,1267.19,socfb-Trinity100.mtx,social,gis,,7200,4000000,3,False,True,True,2613.0,111996.0,1294.96,2.14,21:44,180564,0,,4844,False
190,config-0,12341.0,250124.0,2613.0,7115.0,791.57,socfb-Trinity100.mtx,social,gis,,7200,4000000,4,False,True,True,2613.0,111996.0,819.14,1.77,24:00,170104,0,,5148,False
240,config-0,16143.0,255381.0,2613.0,10917.0,555.83,socfb-Trinity100.mtx,social,gis,,7200,4000000,6,False,True,True,2613.0,111996.0,581.01,1.23,9:45,191308,0,,5226,False
290,config-0,17991.0,260177.0,2613.0,12765.0,478.46,socfb-Trinity100.mtx,social,gis,,7200,4000000,8,False,True,True,2613.0,111996.0,503.31,1.13,8:26,192208,0,,5226,False
340,config-0,20101.0,264779.0,2613.0,14875.0,421.56,socfb-Trinity100.mtx,social,gis,,7200,4000000,10,False,True,True,2613.0,111996.0,447.52,1.12,7:30,193076,0,,5226,False
390,config-0,22012.0,268166.0,2613.0,16786.0,389.06,socfb-Trinity100.mtx,social,gis,,7200,4000000,12,False,True,True,2613.0,111996.0,412.81,0.88,6:55,193692,0,,5226,False
440,config-0,26186.0,274764.0,2613.0,20960.0,456.79,socfb-Trinity100.mtx,social,gis,,7200,4000000,16,False,True,True,2613.0,111996.0,482.56,4.11,8:11,177460,0,,5226,False
41,config-0,5498.0,141538.0,2682.0,134.0,154.02,socfb-USFCA72.mtx,social,gis,,7200,4000000,1,False,True,True,2682.0,65252.0,163.99,0.63,2:46,212368,0,,942,False
91,config-0,10731.0,150166.0,2682.0,5367.0,1100.29,socfb-USFCA72.mtx,social,gis,,7200,4000000,2,False,True,True,2682.0,65252.0,1112.58,1.55,18:41,173600,0,,3238,False
141,config-0,11626.0,153739.0,2682.0,6262.0,1037.56,socfb-USFCA72.mtx,social,gis,,7200,4000000,3,False,True,True,2682.0,65252.0,1049.54,1.55,17:37,158796,0,,4554,False
191,config-0,12645.0,157311.0,2682.0,7281.0,757.01,socfb-USFCA72.mtx,social,gis,,7200,4000000,4,False,True,True,2682.0,65252.0,769.56,4.2,13:00,146456,0,,5104,False
241,config-0,16539.0,162663.0,2682.0,11175.0,567.19,socfb-USFCA72.mtx,social,gis,,7200,4000000,6,False,True,True,2682.0,65252.0,579.06,0.92,9:43,163940,0,,5356,False
291,config-0,18451.0,167571.0,2682.0,13087.0,476.84,socfb-USFCA72.mtx,social,gis,,7200,4000000,8,False,True,True,2682.0,65252.0,488.76,1.18,8:13,138756,0,,5364,False
341,config-0,20639.0,172369.0,2682.0,15275.0,453.51,socfb-USFCA72.mtx,social,gis,,7200,4000000,10,False,True,True,2682.0,65252.0,465.33,0.86,7:49,156516,0,,5364,False
391,config-0,22563.0,175810.0,2682.0,17199.0,360.45,socfb-USFCA72.mtx,social,gis,,7200,4000000,12,False,True,True,2682.0,65252.0,372.52,1.01,6:16,139708,0,,5364,False
441,config-0,26825.0,182488.0,2682.0,21461.0,298.95,socfb-USFCA72.mtx,social,gis,,7200,4000000,16,False,True,True,2682.0,65252.0,310.72,0.9,5:13,140588,0,,5364,False
39,config-0,6277.0,250914.0,3068.0,141.0,841.75,socfb-Vassar85.mtx,social,gis,,7200,4000000,1,False,True,True,3068.0,119161.0,865.18,1.57,14:33,316792,0,,1170,False
89,config-0,12273.0,260814.0,3068.0,6137.0,2346.70,socfb-Vassar85.mtx,social,gis,,7200,4000000,2,False,True,True,3068.0,119161.0,2373.98,5.45,39:56,231192,0,,4452,False
139,config-0,13296.0,264901.0,3068.0,7160.0,1322.98,socfb-Vassar85.mtx,social,gis,,7200,4000000,3,False,True,True,3068.0,119161.0,1347.21,1.96,22:37,182624,0,,5664,False
189,config-0,14443.0,268987.0,3068.0,8307.0,888.26,socfb-Vassar85.mtx,social,gis,,7200,4000000,4,False,True,True,3068.0,119161.0,912.61,1.48,15:20,180380,0,,6028,False
239,config-0,18915.0,275111.0,3068.0,12779.0,688.05,socfb-Vassar85.mtx,social,gis,,7200,4000000,6,False,True,True,3068.0,119161.0,710.94,1.19,21:44,181756,0,,6136,False
289,config-0,21083.0,280725.0,3068.0,14947.0,621.40,socfb-Vassar85.mtx,social,gis,,7200,4000000,8,False,True,True,3068.0,119161.0,644.1,1.04,10:48,202664,0,,6136,False
339,config-0,23735.0,286201.0,3068.0,17599.0,562.51,socfb-Vassar85.mtx,social,gis,,7200,4000000,10,False,True,True,3068.0,119161.0,585.12,1.06,9:49,203856,0,,6136,False
389,config-0,25805.0,290154.0,3068.0,19669.0,524.21,socfb-Vassar85.mtx,social,gis,,7200,4000000,12,False,True,True,3068.0,119161.0,546.81,1.06,9:10,204728,0,,6136,False
439,config-0,30643.0,297794.0,3068.0,24507.0,478.90,socfb-Vassar85.mtx,social,gis,,7200,4000000,16,False,True,True,3068.0,119161.0,501.49,0.97,8:24,206220,0,,6136,False
43,config-0,6079.0,201994.0,2970.0,139.0,514.11,socfb-Wellesley22.mtx,social,gis,,7200,4000000,1,False,True,True,2970.0,94899.0,530.62,1.13,8:55,281100,0,,1014,False
93,config-0,11883.0,211572.0,2970.0,5943.0,1757.99,socfb-Wellesley22.mtx,social,gis,,7200,4000000,2,False,True,True,2970.0,94899.0,1778.27,2.16,29:51,208864,0,,3984,False
143,config-0,12874.0,215529.0,2970.0,6934.0,1146.97,socfb-Wellesley22.mtx,social,gis,,7200,4000000,3,False,True,True,2970.0,94899.0,1165.79,1.75,19:34,172728,0,,5274,False
193,config-0,13989.0,219485.0,2970.0,8049.0,1202.71,socfb-Wellesley22.mtx,social,gis,,7200,4000000,4,False,True,True,2970.0,94899.0,1222.65,4.8,20:37,165808,0,,5772,False
243,config-0,18235.0,225471.0,2970.0,12295.0,731.72,socfb-Wellesley22.mtx,social,gis,,7200,4000000,6,False,True,True,2970.0,94899.0,750.26,1.68,12:37,165208,0,,5938,False
293,config-0,20333.0,230911.0,2970.0,14393.0,600.79,socfb-Wellesley22.mtx,social,gis,,7200,4000000,8,False,True,True,2970.0,94899.0,619.34,1.42,10:24,164296,0,,5940,False
343,config-0,22825.0,236169.0,2970.0,16885.0,524.96,socfb-Wellesley22.mtx,social,gis,,7200,4000000,10,False,True,True,2970.0,94899.0,543.38,1.42,9:08,163340,0,,5940,False
393,config-0,24899.0,239994.0,2970.0,18959.0,496.94,socfb-Wellesley22.mtx,social,gis,,7200,4000000,12,False,True,True,2970.0,94899.0,515.07,1.27,8:39,162928,0,,5940,False
443,config-0,29481.0,247504.0,2970.0,23541.0,422.12,socfb-Wellesley22.mtx,social,gis,,7200,4000000,16,False,True,True,2970.0,94899.0,439.93,1.05,7:23,165980,0,,5940,False
30,config-0,5716.0,237442.0,2790.0,136.0,628.09,socfb-Williams40.mtx,social,gis,,7200,4000000,1,False,True,True,2790.0,112986.0,652.08,1.36,10:57,301072,0,,1056,False
80,config-0,11163.0,246428.0,2790.0,5583.0,2073.39,socfb-Williams40.mtx,social,gis,,7200,4000000,2,False,True,True,2790.0,112986.0,2100.68,2.61,35:16,211228,0,,4126,False
130,config-0,12096.0,250147.0,2790.0,6516.0,1435.65,socfb-Williams40.mtx,social,gis,,7200,4000000,3,False,True,True,2790.0,112986.0,1463.13,2.3,24:33,182688,0,,5156,False
180,config-0,13147.0,253859.0,2790.0,7567.0,1032.26,socfb-Williams40.mtx,social,gis,,7200,4000000,4,False,True,True,2790.0,112986.0,1057.39,4.7,17:50,176456,0,,5474,False
230,config-0,17147.0,259485.0,2790.0,11567.0,722.75,socfb-Williams40.mtx,social,gis,,7200,4000000,6,False,True,True,2790.0,112986.0,749.04,1.82,12:35,175376,0,,5578,False
280,config-0,19123.0,264603.0,2790.0,13543.0,632.67,socfb-Williams40.mtx,social,gis,,7200,4000000,8,False,True,True,2790.0,112986.0,658.73,1.65,11:04,178488,0,,5580,False
330,config-0,21487.0,269521.0,2790.0,15907.0,577.40,socfb-Williams40.mtx,social,gis,,7200,4000000,10,False,True,True,2790.0,112986.0,604.0,1.68,10:09,177260,0,,5580,False
380,config-0,23209.0,273166.0,2790.0,17629.0,574.90,socfb-Williams40.mtx,social,gis,,7200,4000000,12,False,True,True,2790.0,112986.0,601.78,1.62,10:07,178996,0,,5580,False
430,config-0,27709.0,280182.0,2790.0,22129.0,469.40,socfb-Williams40.mtx,social,gis,,7200,4000000,16,False,True,True,2790.0,112986.0,495.99,1.46,8:20,183896,0,,5580,False
35,config-0,5914.0,17828.0,2888.0,138.0,5.28,socfb-nips-ego.edges,social,gis,,7200,4000000,1,False,True,True,2888.0,2981.0,5.92,0.25,0:06,73508,0,,5726,False
85,config-0,11557.0,27138.0,2888.0,5781.0,8.78,socfb-nips-ego.edges,social,gis,,7200,4000000,2,False,True,True,2888.0,2981.0,11.97,0.23,0:12,75392,0,,5760,False
135,config-0,12524.0,30989.0,2888.0,6748.0,7.71,socfb-nips-ego.edges,social,gis,,7200,4000000,3,False,True,True,2888.0,2981.0,10.96,0.24,0:11,80372,0,,5756,False
185,config-0,13607.0,34831.0,2888.0,7831.0,9.70,socfb-nips-ego.edges,social,gis,,7200,4000000,4,False,True,True,2888.0,2981.0,12.96,0.25,0:13,77352,0,,5756,False
235,config-0,17803.0,40603.0,2888.0,12027.0,8.98,socfb-nips-ego.edges,social,gis,,7200,4000000,6,False,True,True,2888.0,2981.0,11.87,0.24,0:12,79184,0,,5756,False
285,config-0,19843.0,45877.0,2888.0,14067.0,12.44,socfb-nips-ego.edges,social,gis,,7200,4000000,8,False,True,True,2888.0,2981.0,15.79,2.4,0:19,69044,0,,5756,False
335,config-0,22191.0,51053.0,2888.0,16415.0,19.36,socfb-nips-ego.edges,social,gis,,7200,4000000,10,False,True,True,2888.0,2981.0,22.67,0.38,0:23,70544,0,,5756,False
385,config-0,24169.0,54798.0,2888.0,18393.0,24.10,socfb-nips-ego.edges,social,gis,,7200,4000000,12,False,True,True,2888.0,2981.0,27.29,0.41,0:28,83024,0,,5756,False
435,config-0,28847.0,62146.0,2888.0,23071.0,28.93,socfb-nips-ego.edges,social,gis,,7200,4000000,16,False,True,True,2888.0,2981.0,32.33,0.42,0:33,72916,0,,5756,False
17,config-0,8707.0,35292.0,4271.0,165.0,22.80,web-EPA.edges,webgraph,gis,,7200,4000000,1,False,True,True,4271.0,8909.0,23.53,0.42,0:24,81444,0,,5936,False
67,config-0,17128.0,49162.0,4271.0,8586.0,52.76,web-EPA.edges,webgraph,gis,,7200,4000000,2,False,True,True,4271.0,8909.0,54.8,0.51,0:55,75908,0,,6946,False
117,config-0,18582.0,54883.0,4271.0,10040.0,82.88,web-EPA.edges,webgraph,gis,,7200,4000000,3,False,True,True,4271.0,8909.0,84.94,0.55,1:26,85240,0,,7614,False
167,config-0,20241.0,60556.0,4271.0,11699.0,106.35,web-EPA.edges,webgraph,gis,,7200,4000000,4,False,True,True,4271.0,8909.0,108.46,0.6,1:50,116300,0,,7902,False
217,config-0,26364.0,69133.0,4271.0,17822.0,135.15,web-EPA.edges,webgraph,gis,,7200,4000000,6,False,True,True,4271.0,8909.0,137.06,2.67,2:22,99212,0,,8204,False
267,config-0,29428.0,76910.0,4271.0,20886.0,124.36,web-EPA.edges,webgraph,gis,,7200,4000000,8,False,True,True,4271.0,8909.0,126.41,0.66,2:08,90748,0,,8346,False
317,config-0,32658.0,84557.0,4271.0,24116.0,102.03,web-EPA.edges,webgraph,gis,,7200,4000000,10,False,True,True,4271.0,8909.0,104.15,0.63,1:45,75740,0,,8386,False
367,config-0,35968.0,90140.0,4271.0,27426.0,100.16,web-EPA.edges,webgraph,gis,,7200,4000000,12,False,True,True,4271.0,8909.0,102.3,0.64,1:43,77212,0,,8408,False
417,config-0,42922.0,101125.0,4271.0,34380.0,100.08,web-EPA.edges,webgraph,gis,,7200,4000000,16,False,True,True,4271.0,8909.0,102.43,0.63,1:44,80304,0,,8438,False
19,config-0,6203.0,25392.0,3031.0,141.0,8.51,web-edu.mtx,webgraph,gis,,7200,4000000,1,False,True,True,3031.0,6474.0,9.36,0.3,0:09,105628,0,,2834,False
69,config-0,12153.0,35181.0,3031.0,6091.0,8.50,web-edu.mtx,webgraph,gis,,7200,4000000,2,False,True,True,3031.0,6474.0,13.04,0.32,0:13,101592,0,,5578,False
119,config-0,13176.0,39231.0,3031.0,7114.0,10.25,web-edu.mtx,webgraph,gis,,7200,4000000,3,False,True,True,3031.0,6474.0,14.86,0.33,0:15,101792,0,,5862,False
169,config-0,14314.0,43271.0,3031.0,8252.0,12.19,web-edu.mtx,webgraph,gis,,7200,4000000,4,False,True,True,3031.0,6474.0,16.83,0.32,0:17,102716,0,,5924,False
219,config-0,18758.0,49330.0,3031.0,12696.0,15.05,web-edu.mtx,webgraph,gis,,7200,4000000,6,False,True,True,3031.0,6474.0,18.83,3.09,0:23,93944,0,,5938,False
269,config-0,20908.0,54898.0,3031.0,14846.0,21.01,web-edu.mtx,webgraph,gis,,7200,4000000,8,False,True,True,3031.0,6474.0,24.84,0.59,0:25,96256,0,,5948,False
319,config-0,23354.0,60263.0,3031.0,17292.0,24.29,web-edu.mtx,webgraph,gis,,7200,4000000,10,False,True,True,3031.0,6474.0,28.26,0.65,0:29,97220,0,,5950,False
369,config-0,25593.0,64207.0,3031.0,19531.0,28.72,web-edu.mtx,webgraph,gis,,7200,4000000,12,False,True,True,3031.0,6474.0,32.51,0.71,0:33,97260,0,,5958,False
419,config-0,30431.0,71810.0,3031.0,24369.0,31.32,web-edu.mtx,webgraph,gis,,7200,4000000,16,False,True,True,3031.0,6474.0,35.38,0.71,0:36,97080,0,,5972,False
20,config-0,23000.0,141192.0,11358.0,284.0,217.15,web-indochina-2004.mtx,webgraph,gis,,7200,4000000,1,False,True,True,11358.0,47606.0,222.36,1.19,3:45,130928,0,,15170,False
70,config-0,56784.0,186062.0,11358.0,34068.0,247.04,web-indochina-2004.mtx,webgraph,gis,,7200,4000000,2,False,True,True,11358.0,47606.0,252.62,1.42,4:15,141140,0,,20008,False
120,config-0,68136.0,208765.0,11358.0,45420.0,278.89,web-indochina-2004.mtx,webgraph,gis,,7200,4000000,3,False,True,True,11358.0,47606.0,284.71,1.54,4:48,144156,0,,22062,False
170,config-0,79486.0,231464.0,11358.0,56770.0,297.63,web-indochina-2004.mtx,webgraph,gis,,7200,4000000,4,False,True,True,11358.0,47606.0,303.61,1.6,5:07,149340,0,,22462,False
220,config-0,102180.0,276850.0,11358.0,79464.0,361.03,web-indochina-2004.mtx,webgraph,gis,,7200,4000000,6,False,True,True,11358.0,47606.0,367.4,1.65,6:11,159032,0,,22502,False
270,config-0,124866.0,322220.0,11358.0,102150.0,408.14,web-indochina-2004.mtx,webgraph,gis,,7200,4000000,8,False,True,True,11358.0,47606.0,414.91,1.66,6:59,174392,0,,22520,False
320,config-0,147544.0,367574.0,11358.0,124828.0,503.99,web-indochina-2004.mtx,webgraph,gis,,7200,4000000,10,False,True,True,11358.0,47606.0,510.98,4.19,8:39,184176,0,,22536,False
370,config-0,170214.0,412912.0,11358.0,147498.0,544.37,web-indochina-2004.mtx,webgraph,gis,,7200,4000000,12,False,True,True,11358.0,47606.0,551.92,1.8,9:17,201812,0,,22560,False
420,config-0,215530.0,503540.0,11358.0,192814.0,686.67,web-indochina-2004.mtx,webgraph,gis,,7200,4000000,16,False,True,True,11358.0,47606.0,694.98,2.02,11:41,239132,0,,22614,False
21,config-0,9707.0,94224.0,4767.0,173.0,75.74,web-spam.mtx,webgraph,gis,,7200,4000000,1,False,True,True,4767.0,37375.0,80.54,0.72,1:22,120552,0,,3532,False
71,config-0,19098.0,109711.0,4767.0,9564.0,585.68,web-spam.mtx,webgraph,gis,,7200,4000000,2,False,True,True,4767.0,37375.0,592.21,3.84,10:01,171944,0,,6006,False
121,config-0,20697.0,116073.0,4767.0,11163.0,1045.85,web-spam.mtx,webgraph,gis,,7200,4000000,3,False,True,True,4767.0,37375.0,1052.78,1.55,17:41,148524,0,,7516,False
171,config-0,22548.0,122434.0,4767.0,13014.0,1030.27,web-spam.mtx,webgraph,gis,,7200,4000000,4,False,True,True,4767.0,37375.0,1037.32,1.63,17:25,145200,0,,8520,False
221,config-0,29295.0,132051.0,4767.0,19761.0,925.78,web-spam.mtx,webgraph,gis,,7200,4000000,6,False,True,True,4767.0,37375.0,932.52,1.59,15:39,153932,0,,9246,False
271,config-0,32710.0,140770.0,4767.0,23176.0,671.76,web-spam.mtx,webgraph,gis,,7200,4000000,8,False,True,True,4767.0,37375.0,678.56,1.17,11:24,133480,0,,9394,False
321,config-0,36546.0,149233.0,4767.0,27012.0,443.33,web-spam.mtx,webgraph,gis,,7200,4000000,10,False,True,True,4767.0,37375.0,449.94,1.14,17:53,148968,0,,9472,False
371,config-0,39676.0,155490.0,4767.0,30142.0,338.67,web-spam.mtx,webgraph,gis,,7200,4000000,12,False,True,True,4767.0,37375.0,345.61,0.86,5:48,146676,0,,9508,False
421,config-0,47487.0,167416.0,4767.0,37953.0,254.58,web-spam.mtx,webgraph,gis,,7200,4000000,16,False,True,True,4767.0,37375.0,261.33,0.83,4:23,146760,0,,9524,False
18,config-0,32452.0,116070.0,16062.0,328.0,444.21,web-webbase-2001.mtx,webgraph,gis,,7200,4000000,1,False,True,True,16062.0,25593.0,447.69,1.96,7:32,119640,0,,26448,False
68,config-0,80304.0,179668.0,16062.0,48180.0,456.63,web-webbase-2001.mtx,webgraph,gis,,7200,4000000,2,False,True,True,16062.0,25593.0,460.77,2.04,7:46,134844,0,,29838,False
118,config-0,96360.0,211779.0,16062.0,64236.0,520.82,web-webbase-2001.mtx,webgraph,gis,,7200,4000000,3,False,True,True,16062.0,25593.0,525.18,2.14,8:50,139380,0,,30592,False
168,config-0,112414.0,243886.0,16062.0,80290.0,583.77,web-webbase-2001.mtx,webgraph,gis,,7200,4000000,4,False,True,True,16062.0,25593.0,588.38,2.12,9:54,149548,0,,30974,False
218,config-0,144516.0,308088.0,16062.0,112392.0,691.60,web-webbase-2001.mtx,webgraph,gis,,7200,4000000,6,False,True,True,16062.0,25593.0,696.74,2.19,11:43,174164,0,,31306,False
268,config-0,176610.0,372274.0,16062.0,144486.0,793.46,web-webbase-2001.mtx,webgraph,gis,,7200,4000000,8,False,True,True,16062.0,25593.0,799.3,2.21,13:30,192932,0,,31498,False
318,config-0,208696.0,436444.0,16062.0,176572.0,863.53,web-webbase-2001.mtx,webgraph,gis,,7200,4000000,10,False,True,True,16062.0,25593.0,869.76,2.41,24:25,224220,0,,31598,False
368,config-0,240774.0,500598.0,16062.0,208650.0,841.25,web-webbase-2001.mtx,webgraph,gis,,7200,4000000,12,False,True,True,16062.0,25593.0,847.8,4.87,14:18,239676,0,,31688,False
418,config-0,304906.0,628858.0,16062.0,272782.0,999.89,web-webbase-2001.mtx,webgraph,gis,,7200,4000000,16,False,True,True,16062.0,25593.0,1007.5,2.33,16:55,277072,0,,31792,False
