,config,n_vars,n_csts,benchmark,network_type,encoding,configuration,timeout,memory_limit,k,encoding_t/o,building_successful,encoding_successful,n_nodes,n_edges,utime,stime,wtime,max_res_set_size,exit_status,signal,encoding_m/o
1,config0,108.0,1533.0,MadridAdj.txt,crime,ilp,0,7200,4000000,1,False,True,True,54.0,226.0,864.06,1.81,7:15,69672,0,,False
91,config0,108.0,815029.0,MadridAdj.txt,crime,ilp,0,7200,4000000,2,False,True,True,54.0,226.0,709.11,3.37,6:11,2775548,0,,False
180,config0,,,MadridAdj.txt,crime,ilp,0,7200,4000000,3,False,True,False,,,22.89,1.42,0:25,3629480,0,,True
272,config0,,,MadridAdj.txt,crime,ilp,0,7200,4000000,4,False,True,False,,,29.91,1.33,0:31,3734396,0,,True
364,config0,,,MadridAdj.txt,crime,ilp,0,7200,4000000,6,False,True,False,,,46.54,3.15,0:58,3734888,0,,True
454,config0,,,MadridAdj.txt,crime,ilp,0,7200,4000000,8,False,True,False,,,48.86,1.62,0:50,3734584,0,,True
543,config0,,,MadridAdj.txt,crime,ilp,0,7200,4000000,10,False,True,False,,,48.85,1.65,0:50,3734268,0,,True
633,config0,,,MadridAdj.txt,crime,ilp,0,7200,4000000,12,False,True,False,,,47.29,1.7,0:49,3734628,0,,True
723,config0,,,MadridAdj.txt,crime,ilp,0,7200,4000000,16,False,True,False,,,46.67,1.73,0:48,3734800,0,,True
0,config0,20.0,65.0,ParisAdj.txt,crime,ilp,0,7200,4000000,1,False,True,True,10.0,14.0,0.91,1.79,0:09,65164,0,,False
90,config0,20.0,396.0,ParisAdj.txt,crime,ilp,0,7200,4000000,2,False,True,True,10.0,14.0,1.59,0.17,0:01,67460,0,,False
179,config0,20.0,751.0,ParisAdj.txt,crime,ilp,0,7200,4000000,3,False,True,True,10.0,14.0,0.3,0.18,0:00,70900,0,,False
271,config0,20.0,842.0,ParisAdj.txt,crime,ilp,0,7200,4000000,4,False,True,True,10.0,14.0,0.5,0.18,0:00,66964,0,,False
363,config0,20.0,862.0,ParisAdj.txt,crime,ilp,0,7200,4000000,6,False,True,True,10.0,14.0,1.53,0.18,0:01,66904,0,,False
453,config0,20.0,862.0,ParisAdj.txt,crime,ilp,0,7200,4000000,8,False,True,True,10.0,14.0,2.28,0.19,0:02,67224,0,,False
542,config0,20.0,862.0,ParisAdj.txt,crime,ilp,0,7200,4000000,10,False,True,True,10.0,14.0,2.68,0.21,0:03,67132,0,,False
632,config0,20.0,862.0,ParisAdj.txt,crime,ilp,0,7200,4000000,12,False,True,True,10.0,14.0,2.74,0.21,0:03,66560,0,,False
722,config0,20.0,862.0,ParisAdj.txt,crime,ilp,0,7200,4000000,16,False,True,True,10.0,14.0,2.14,1.87,0:12,66368,0,,False
2,config0,28.0,113.0,PhilippineAdj.txt,crime,ilp,0,7200,4000000,1,False,True,True,14.0,51.0,552.48,1.91,4:48,65864,0,,False
92,config0,28.0,2303.0,PhilippineAdj.txt,crime,ilp,0,7200,4000000,2,False,True,True,14.0,51.0,1.88,0.2,0:01,68252,0,,False
181,config0,28.0,8803.0,PhilippineAdj.txt,crime,ilp,0,7200,4000000,3,False,True,True,14.0,51.0,0.89,0.19,0:01,78348,0,,False
273,config0,28.0,12306.0,PhilippineAdj.txt,crime,ilp,0,7200,4000000,4,False,True,True,14.0,51.0,5.9,0.21,0:06,86816,0,,False
365,config0,28.0,13186.0,PhilippineAdj.txt,crime,ilp,0,7200,4000000,6,False,True,True,14.0,51.0,109.33,0.21,1:50,83596,0,,False
455,config0,28.0,13499.0,PhilippineAdj.txt,crime,ilp,0,7200,4000000,8,False,True,True,14.0,51.0,404.1,0.16,6:45,84792,0,,False
544,config0,28.0,13543.0,PhilippineAdj.txt,crime,ilp,0,7200,4000000,10,False,True,True,14.0,51.0,617.36,0.17,10:19,89332,0,,False
634,config0,28.0,13543.0,PhilippineAdj.txt,crime,ilp,0,7200,4000000,12,False,True,True,14.0,51.0,647.27,0.17,10:50,84340,0,,False
724,config0,28.0,13543.0,PhilippineAdj.txt,crime,ilp,0,7200,4000000,16,False,True,True,14.0,51.0,717.27,1.85,12:10,90032,0,,False
3,config0,78.0,819.0,ZerkaniAdj.txt,crime,ilp,0,7200,4000000,1,False,True,True,39.0,89.0,696.02,0.3,5:50,73012,0,,False
93,config0,78.0,164066.0,ZerkaniAdj.txt,crime,ilp,0,7200,4000000,2,False,True,True,39.0,89.0,6.85,0.41,0:06,469808,0,,False
182,config0,,,ZerkaniAdj.txt,crime,ilp,0,7200,4000000,3,False,True,False,,,53.68,1.37,2:05,3734984,0,,True
274,config0,,,ZerkaniAdj.txt,crime,ilp,0,7200,4000000,4,False,True,False,,,49.05,1.27,0:50,3734528,0,,True
366,config0,,,ZerkaniAdj.txt,crime,ilp,0,7200,4000000,6,False,True,False,,,108.16,1.44,1:51,3734748,0,,True
456,config0,,,ZerkaniAdj.txt,crime,ilp,0,7200,4000000,8,False,True,False,,,362.43,1.34,6:05,3734820,0,,True
545,config0,,,ZerkaniAdj.txt,crime,ilp,0,7200,4000000,10,False,True,False,,,669.2,3.27,11:23,3738340,0,,True
635,config0,,,ZerkaniAdj.txt,crime,ilp,0,7200,4000000,12,False,True,False,,,615.72,1.45,10:20,3734332,0,,True
725,config0,,,ZerkaniAdj.txt,crime,ilp,0,7200,4000000,16,False,True,False,,,618.42,1.26,10:25,3736908,0,,True
45,config0,,,ca-CondMat.mtx,collaboration,ilp,0,7200,4000000,1,False,True,False,,,46.31,1.64,0:48,3590320,0,,True
135,config0,,,ca-CondMat.mtx,collaboration,ilp,0,7200,4000000,2,False,True,False,,,47.42,1.68,0:49,3590272,0,,True
226,config0,,,ca-CondMat.mtx,collaboration,ilp,0,7200,4000000,3,False,True,False,,,47.2,1.67,0:49,3592068,0,,True
317,config0,,,ca-CondMat.mtx,collaboration,ilp,0,7200,4000000,4,False,True,False,,,45.36,1.57,0:47,3590196,0,,True
408,config0,,,ca-CondMat.mtx,collaboration,ilp,0,7200,4000000,6,False,True,False,,,43.6,1.54,0:45,3590312,0,,True
498,config0,,,ca-CondMat.mtx,collaboration,ilp,0,7200,4000000,8,False,True,False,,,40.89,1.44,0:42,3590244,0,,True
586,config0,,,ca-CondMat.mtx,collaboration,ilp,0,7200,4000000,10,False,True,False,,,49.16,3.93,1:07,3590220,0,,True
677,config0,,,ca-CondMat.mtx,collaboration,ilp,0,7200,4000000,12,False,True,False,,,47.59,1.64,0:49,3590316,0,,True
768,config0,,,ca-CondMat.mtx,collaboration,ilp,0,7200,4000000,16,False,True,False,,,47.19,1.67,0:50,3592232,0,,True
46,config0,,,ca-Erdos992.mtx,collaboration,ilp,0,7200,4000000,1,False,True,False,,,19.07,1.6,0:20,3590636,0,,True
136,config0,,,ca-Erdos992.mtx,collaboration,ilp,0,7200,4000000,2,False,True,False,,,17.17,3.71,0:35,3590852,0,,True
227,config0,,,ca-Erdos992.mtx,collaboration,ilp,0,7200,4000000,3,False,True,False,,,17.28,1.48,0:19,3594552,0,,True
318,config0,,,ca-Erdos992.mtx,collaboration,ilp,0,7200,4000000,4,False,True,False,,,17.86,1.51,0:19,3590880,0,,True
409,config0,,,ca-Erdos992.mtx,collaboration,ilp,0,7200,4000000,6,False,True,False,,,17.12,1.68,0:19,3590848,0,,True
499,config0,,,ca-Erdos992.mtx,collaboration,ilp,0,7200,4000000,8,False,True,False,,,17.02,1.69,0:19,3590772,0,,True
587,config0,,,ca-Erdos992.mtx,collaboration,ilp,0,7200,4000000,10,False,True,False,,,16.77,1.67,0:18,3590684,0,,True
678,config0,,,ca-Erdos992.mtx,collaboration,ilp,0,7200,4000000,12,False,True,False,,,17.14,1.63,0:19,3590800,0,,True
769,config0,,,ca-Erdos992.mtx,collaboration,ilp,0,7200,4000000,16,False,True,False,,,16.82,1.64,0:18,3596744,0,,True
44,config0,,,ca-GrQc.mtx,collaboration,ilp,0,7200,4000000,1,False,True,False,,,36.29,1.7,0:38,3590452,0,,True
134,config0,,,ca-GrQc.mtx,collaboration,ilp,0,7200,4000000,2,False,True,False,,,28.83,1.55,0:30,3590496,0,,True
225,config0,,,ca-GrQc.mtx,collaboration,ilp,0,7200,4000000,3,False,True,False,,,31.32,3.92,0:50,3590400,0,,True
316,config0,,,ca-GrQc.mtx,collaboration,ilp,0,7200,4000000,4,False,True,False,,,31.24,1.76,0:33,3590644,0,,True
407,config0,,,ca-GrQc.mtx,collaboration,ilp,0,7200,4000000,6,False,True,False,,,29.62,1.69,0:31,3590392,0,,True
497,config0,,,ca-GrQc.mtx,collaboration,ilp,0,7200,4000000,8,False,True,False,,,29.46,1.72,0:31,3590264,0,,True
585,config0,,,ca-GrQc.mtx,collaboration,ilp,0,7200,4000000,10,False,True,False,,,30.24,1.63,0:32,3594484,0,,True
676,config0,,,ca-GrQc.mtx,collaboration,ilp,0,7200,4000000,12,False,True,False,,,29.68,1.65,0:31,3590272,0,,True
767,config0,,,ca-GrQc.mtx,collaboration,ilp,0,7200,4000000,16,False,True,False,,,29.4,1.6,0:31,3594336,0,,True
43,config0,,,ca-citeseer.mtx,collaboration,ilp,0,7200,4000000,1,False,True,False,,,224.86,1.45,3:47,3587772,0,,True
133,config0,,,ca-citeseer.mtx,collaboration,ilp,0,7200,4000000,2,False,True,False,,,190.18,1.27,3:12,3586868,0,,True
224,config0,,,ca-citeseer.mtx,collaboration,ilp,0,7200,4000000,3,False,True,False,,,188.69,1.23,3:10,3588344,0,,True
315,config0,,,ca-citeseer.mtx,collaboration,ilp,0,7200,4000000,4,False,True,False,,,192.77,1.34,3:15,3587620,0,,True
406,config0,,,ca-citeseer.mtx,collaboration,ilp,0,7200,4000000,6,False,True,False,,,189.43,1.27,3:11,3587796,0,,True
496,config0,,,ca-citeseer.mtx,collaboration,ilp,0,7200,4000000,8,False,True,False,,,234.72,3.76,4:14,3587744,0,,True
584,config0,,,ca-citeseer.mtx,collaboration,ilp,0,7200,4000000,10,False,True,False,,,203.55,1.31,3:26,3585792,0,,True
675,config0,,,ca-citeseer.mtx,collaboration,ilp,0,7200,4000000,12,False,True,False,,,189.56,1.23,3:11,3586288,0,,True
766,config0,,,ca-citeseer.mtx,collaboration,ilp,0,7200,4000000,16,False,True,False,,,190.61,1.26,3:12,3586428,0,,True
42,config0,,,ca-dblp-2010.mtx,collaboration,ilp,0,7200,4000000,1,False,True,False,,,159.84,1.55,2:42,3586832,0,,True
132,config0,,,ca-dblp-2010.mtx,collaboration,ilp,0,7200,4000000,2,False,True,False,,,146.43,1.34,2:28,3587028,0,,True
223,config0,,,ca-dblp-2010.mtx,collaboration,ilp,0,7200,4000000,3,False,True,False,,,147.62,1.3,2:29,3585960,0,,True
314,config0,,,ca-dblp-2010.mtx,collaboration,ilp,0,7200,4000000,4,False,True,False,,,147.57,1.24,2:29,3586548,0,,True
405,config0,,,ca-dblp-2010.mtx,collaboration,ilp,0,7200,4000000,6,False,True,False,,,145.26,1.23,2:27,3586084,0,,True
495,config0,,,ca-dblp-2010.mtx,collaboration,ilp,0,7200,4000000,8,False,True,False,,,145.78,1.25,2:27,3585984,0,,True
583,config0,,,ca-dblp-2010.mtx,collaboration,ilp,0,7200,4000000,10,False,True,False,,,185.41,3.77,3:22,3587732,0,,True
674,config0,,,ca-dblp-2010.mtx,collaboration,ilp,0,7200,4000000,12,False,True,False,,,166.35,1.5,2:48,3586468,0,,True
765,config0,,,ca-dblp-2010.mtx,collaboration,ilp,0,7200,4000000,16,False,True,False,,,147.49,1.34,2:29,3586484,0,,True
40,config0,758.0,40708.0,ca-netscience.mtx,collaboration,ilp,0,7200,4000000,1,False,True,True,379.0,914.0,6.82,0.38,0:58,173540,0,,False
130,config0,,,ca-netscience.mtx,collaboration,ilp,0,7200,4000000,2,False,True,False,,,38.09,1.4,0:39,3590888,0,,True
221,config0,,,ca-netscience.mtx,collaboration,ilp,0,7200,4000000,3,False,True,False,,,25.68,1.3,0:27,3591032,0,,True
312,config0,,,ca-netscience.mtx,collaboration,ilp,0,7200,4000000,4,False,True,False,,,26.22,1.31,0:27,3590908,0,,True
403,config0,,,ca-netscience.mtx,collaboration,ilp,0,7200,4000000,6,False,True,False,,,32.66,3.85,0:49,3591020,0,,True
493,config0,,,ca-netscience.mtx,collaboration,ilp,0,7200,4000000,8,False,True,False,,,31.93,1.68,0:33,3592764,0,,True
581,config0,,,ca-netscience.mtx,collaboration,ilp,0,7200,4000000,10,False,True,False,,,30.7,1.77,0:32,3590868,0,,True
672,config0,,,ca-netscience.mtx,collaboration,ilp,0,7200,4000000,12,False,True,False,,,31.0,1.69,0:32,3591120,0,,True
763,config0,,,ca-netscience.mtx,collaboration,ilp,0,7200,4000000,16,False,True,False,,,31.32,1.67,0:33,3594868,0,,True
41,config0,172.0,3040.0,ca-sandi_auths.mtx,collaboration,ilp,0,7200,4000000,1,False,True,True,86.0,124.0,1167.27,0.33,10:29,99904,0,,False
131,config0,,,ca-sandi_auths.mtx,collaboration,ilp,0,7200,4000000,2,False,True,False,,,46.21,1.51,0:48,3591056,0,,True
222,config0,,,ca-sandi_auths.mtx,collaboration,ilp,0,7200,4000000,3,False,True,False,,,65.71,3.88,1:25,3594148,0,,True
313,config0,,,ca-sandi_auths.mtx,collaboration,ilp,0,7200,4000000,4,False,True,False,,,41.07,1.58,0:43,3590968,0,,True
404,config0,,,ca-sandi_auths.mtx,collaboration,ilp,0,7200,4000000,6,False,True,False,,,44.05,1.64,0:46,3594984,0,,True
494,config0,,,ca-sandi_auths.mtx,collaboration,ilp,0,7200,4000000,8,False,True,False,,,43.6,1.56,0:45,3590832,0,,True
582,config0,,,ca-sandi_auths.mtx,collaboration,ilp,0,7200,4000000,10,False,True,False,,,43.76,1.5,0:45,3590976,0,,True
673,config0,,,ca-sandi_auths.mtx,collaboration,ilp,0,7200,4000000,12,False,True,False,,,42.03,1.49,0:43,3590960,0,,True
764,config0,,,ca-sandi_auths.mtx,collaboration,ilp,0,7200,4000000,16,False,True,False,,,39.93,1.41,0:41,3590852,0,,True
9,config0,664.0,50745.0,inf-USAir97.mtx,infrastructure,ilp,0,7200,4000000,1,False,True,True,332.0,2126.0,574.07,1.63,4:52,2090616,0,,False
99,config0,,,inf-USAir97.mtx,infrastructure,ilp,0,7200,4000000,2,False,True,False,,,24.42,1.33,0:25,3590476,0,,True
189,config0,,,inf-USAir97.mtx,infrastructure,ilp,0,7200,4000000,3,False,True,False,,,19.64,1.39,0:21,3592604,0,,True
281,config0,,,inf-USAir97.mtx,infrastructure,ilp,0,7200,4000000,4,False,True,False,,,21.97,1.32,0:23,3590568,0,,True
373,config0,,,inf-USAir97.mtx,infrastructure,ilp,0,7200,4000000,6,False,True,False,,,19.27,1.27,0:20,3590896,0,,True
463,config0,,,inf-USAir97.mtx,infrastructure,ilp,0,7200,4000000,8,False,True,False,,,18.93,1.32,0:20,3590752,0,,True
552,config0,,,inf-USAir97.mtx,infrastructure,ilp,0,7200,4000000,10,False,True,False,,,24.23,3.73,0:42,3590828,0,,True
642,config0,,,inf-USAir97.mtx,infrastructure,ilp,0,7200,4000000,12,False,True,False,,,23.8,1.74,0:26,3590660,0,,True
732,config0,,,inf-USAir97.mtx,infrastructure,ilp,0,7200,4000000,16,False,True,False,,,23.09,1.63,0:24,3590868,0,,True
12,config0,2276.0,640050.0,power-1138-bus.mtx,power,ilp,0,7200,4000000,1,False,True,False,1138.0,2596.0,533.58,2.35,4:47,2818116,0,,False
102,config0,,,power-1138-bus.mtx,power,ilp,0,7200,4000000,2,False,True,False,,,21.42,1.47,0:23,3590928,0,,True
192,config0,,,power-1138-bus.mtx,power,ilp,0,7200,4000000,3,False,True,False,,,21.12,1.4,0:22,3590692,0,,True
284,config0,,,power-1138-bus.mtx,power,ilp,0,7200,4000000,4,False,True,False,,,21.11,1.44,0:23,3590792,0,,True
376,config0,,,power-1138-bus.mtx,power,ilp,0,7200,4000000,6,False,True,False,,,20.94,1.36,0:22,3594872,0,,True
466,config0,,,power-1138-bus.mtx,power,ilp,0,7200,4000000,8,False,True,False,,,20.59,1.42,0:22,3590740,0,,True
555,config0,,,power-1138-bus.mtx,power,ilp,0,7200,4000000,10,False,True,False,,,20.46,1.36,0:22,3590956,0,,True
645,config0,,,power-1138-bus.mtx,power,ilp,0,7200,4000000,12,False,True,False,,,25.83,3.76,0:42,3591028,0,,True
735,config0,,,power-1138-bus.mtx,power,ilp,0,7200,4000000,16,False,True,False,,,25.2,1.66,0:27,3592724,0,,True
14,config0,988.0,121726.0,power-494-bus.mtx,power,ilp,0,7200,4000000,1,False,True,True,494.0,1080.0,475.66,0.61,4:01,485980,0,,False
104,config0,,,power-494-bus.mtx,power,ilp,0,7200,4000000,2,False,True,False,,,25.96,1.28,0:27,3590940,0,,True
194,config0,,,power-494-bus.mtx,power,ilp,0,7200,4000000,3,False,True,False,,,25.22,1.29,0:26,3590736,0,,True
286,config0,,,power-494-bus.mtx,power,ilp,0,7200,4000000,4,False,True,False,,,31.76,3.88,0:50,3590852,0,,True
378,config0,,,power-494-bus.mtx,power,ilp,0,7200,4000000,6,False,True,False,,,30.96,1.75,0:33,3590792,0,,True
468,config0,,,power-494-bus.mtx,power,ilp,0,7200,4000000,8,False,True,False,,,30.46,1.69,0:32,3593004,0,,True
557,config0,,,power-494-bus.mtx,power,ilp,0,7200,4000000,10,False,True,False,,,30.54,1.59,0:32,3590832,0,,True
647,config0,,,power-494-bus.mtx,power,ilp,0,7200,4000000,12,False,True,False,,,31.07,1.65,0:33,3590864,0,,True
737,config0,,,power-494-bus.mtx,power,ilp,0,7200,4000000,16,False,True,False,,,30.13,1.63,0:32,3590736,0,,True
16,config0,1370.0,231550.0,power-685-bus.mtx,power,ilp,0,7200,4000000,1,False,True,False,685.0,1967.0,653.18,9.12,5:37,2661176,0,,False
106,config0,,,power-685-bus.mtx,power,ilp,0,7200,4000000,2,False,True,False,,,21.47,1.23,0:22,3591068,0,,True
196,config0,,,power-685-bus.mtx,power,ilp,0,7200,4000000,3,False,True,False,,,19.38,1.26,0:20,3590892,0,,True
288,config0,,,power-685-bus.mtx,power,ilp,0,7200,4000000,4,False,True,False,,,19.32,1.18,0:20,3590944,0,,True
380,config0,,,power-685-bus.mtx,power,ilp,0,7200,4000000,6,False,True,False,,,19.56,1.27,0:21,3590588,0,,True
470,config0,,,power-685-bus.mtx,power,ilp,0,7200,4000000,8,False,True,False,,,19.43,1.28,0:21,3590684,0,,True
559,config0,,,power-685-bus.mtx,power,ilp,0,7200,4000000,10,False,True,False,,,19.34,1.27,0:20,3590708,0,,True
649,config0,,,power-685-bus.mtx,power,ilp,0,7200,4000000,12,False,True,False,,,24.73,3.83,0:42,3590808,0,,True
739,config0,,,power-685-bus.mtx,power,ilp,0,7200,4000000,16,False,True,False,,,24.23,1.72,0:26,3590864,0,,True
11,config0,,,power-US-Grid.mtx,power,ilp,0,7200,4000000,1,False,True,False,,,28.65,3.69,0:45,3394412,0,,False
101,config0,,,power-US-Grid.mtx,power,ilp,0,7200,4000000,2,False,True,False,,,24.5,1.65,0:26,3590588,0,,True
191,config0,,,power-US-Grid.mtx,power,ilp,0,7200,4000000,3,False,True,False,,,24.41,1.7,0:26,3594804,0,,True
283,config0,,,power-US-Grid.mtx,power,ilp,0,7200,4000000,4,False,True,False,,,23.77,1.59,0:25,3592876,0,,True
375,config0,,,power-US-Grid.mtx,power,ilp,0,7200,4000000,6,False,True,False,,,24.27,1.58,0:26,3590556,0,,True
465,config0,,,power-US-Grid.mtx,power,ilp,0,7200,4000000,8,False,True,False,,,24.64,1.65,0:26,3592684,0,,True
554,config0,,,power-US-Grid.mtx,power,ilp,0,7200,4000000,10,False,True,False,,,24.11,1.57,0:26,3590552,0,,True
644,config0,,,power-US-Grid.mtx,power,ilp,0,7200,4000000,12,False,True,False,,,23.77,1.58,0:25,3594588,0,,True
734,config0,,,power-US-Grid.mtx,power,ilp,0,7200,4000000,16,False,True,False,,,25.49,3.97,0:44,3590264,0,,True
15,config0,3446.0,1483344.0,power-bcspwr09.mtx,power,ilp,0,7200,4000000,1,False,True,False,1723.0,4117.0,289.58,2.92,2:49,2993440,0,,False
105,config0,,,power-bcspwr09.mtx,power,ilp,0,7200,4000000,2,False,True,False,,,22.68,1.39,0:24,3590472,0,,True
195,config0,,,power-bcspwr09.mtx,power,ilp,0,7200,4000000,3,False,True,False,,,27.45,3.86,0:44,3590872,0,,True
287,config0,,,power-bcspwr09.mtx,power,ilp,0,7200,4000000,4,False,True,False,,,29.34,1.62,0:31,3590588,0,,True
379,config0,,,power-bcspwr09.mtx,power,ilp,0,7200,4000000,6,False,True,False,,,28.19,1.76,0:30,3590504,0,,True
469,config0,,,power-bcspwr09.mtx,power,ilp,0,7200,4000000,8,False,True,False,,,27.78,1.79,0:29,3590968,0,,True
558,config0,,,power-bcspwr09.mtx,power,ilp,0,7200,4000000,10,False,True,False,,,27.95,1.73,0:30,3590720,0,,True
648,config0,,,power-bcspwr09.mtx,power,ilp,0,7200,4000000,12,False,True,False,,,27.12,1.68,0:29,3591068,0,,True
738,config0,,,power-bcspwr09.mtx,power,ilp,0,7200,4000000,16,False,True,False,,,27.52,1.66,0:29,3591020,0,,True
13,config0,2352.0,423464.0,power-eris1176.mtx,power,ilp,0,7200,4000000,1,False,True,False,1176.0,9864.0,492.39,1.66,5:03,2946296,0,,False
103,config0,,,power-eris1176.mtx,power,ilp,0,7200,4000000,2,False,True,False,,,28.59,3.8,0:47,3590116,0,,True
193,config0,,,power-eris1176.mtx,power,ilp,0,7200,4000000,3,False,True,False,,,31.85,1.56,0:33,3590220,0,,True
285,config0,,,power-eris1176.mtx,power,ilp,0,7200,4000000,4,False,True,False,,,30.77,1.57,0:32,3590304,0,,True
377,config0,,,power-eris1176.mtx,power,ilp,0,7200,4000000,6,False,True,False,,,30.61,1.6,0:32,3592372,0,,True
467,config0,,,power-eris1176.mtx,power,ilp,0,7200,4000000,8,False,True,False,,,31.26,1.67,0:33,3590828,0,,True
556,config0,,,power-eris1176.mtx,power,ilp,0,7200,4000000,10,False,True,False,,,30.58,1.67,0:32,3592264,0,,True
646,config0,,,power-eris1176.mtx,power,ilp,0,7200,4000000,12,False,True,False,,,30.18,1.63,0:32,3590568,0,,True
736,config0,,,power-eris1176.mtx,power,ilp,0,7200,4000000,16,False,True,False,,,29.45,1.45,0:31,3590576,0,,True
23,config0,78.0,809.0,road-chesapeake.mtx,road,ilp,0,7200,4000000,1,False,True,True,39.0,170.0,1026.89,0.34,8:36,90964,0,,False
114,config0,78.0,196944.0,road-chesapeake.mtx,road,ilp,0,7200,4000000,2,False,True,True,39.0,170.0,103.42,0.55,0:55,649784,0,,False
204,config0,,,road-chesapeake.mtx,road,ilp,0,7200,4000000,3,False,True,False,,,42.66,1.23,0:44,3594896,0,,True
295,config0,,,road-chesapeake.mtx,road,ilp,0,7200,4000000,4,False,True,False,,,40.83,1.36,0:42,3590896,0,,True
386,config0,,,road-chesapeake.mtx,road,ilp,0,7200,4000000,6,False,True,False,,,90.81,1.45,1:32,3590596,0,,True
476,config0,,,road-chesapeake.mtx,road,ilp,0,7200,4000000,8,False,True,False,,,325.07,1.36,5:27,3591008,0,,True
565,config0,,,road-chesapeake.mtx,road,ilp,0,7200,4000000,10,False,True,False,,,366.43,5.76,6:28,3594860,0,,True
655,config0,,,road-chesapeake.mtx,road,ilp,0,7200,4000000,12,False,True,False,,,318.62,2.05,5:22,3590968,0,,True
746,config0,,,road-chesapeake.mtx,road,ilp,0,7200,4000000,16,False,True,False,,,318.93,1.4,5:21,3590572,0,,True
22,config0,2348.0,676878.0,road-euroroad.edges,road,ilp,0,7200,4000000,1,False,True,False,1174.0,1417.0,367.07,24.99,4:35,2846476,0,,False
113,config0,,,road-euroroad.edges,road,ilp,0,7200,4000000,2,False,True,False,,,20.68,1.23,0:22,3734880,0,,True
203,config0,,,road-euroroad.edges,road,ilp,0,7200,4000000,3,False,True,False,,,24.64,3.16,0:36,3734424,0,,True
294,config0,,,road-euroroad.edges,road,ilp,0,7200,4000000,4,False,True,False,,,26.23,1.67,0:28,3734324,0,,True
385,config0,,,road-euroroad.edges,road,ilp,0,7200,4000000,6,False,True,False,,,25.52,1.65,0:27,3734972,0,,True
475,config0,,,road-euroroad.edges,road,ilp,0,7200,4000000,8,False,True,False,,,25.19,1.53,0:27,3738880,0,,True
564,config0,,,road-euroroad.edges,road,ilp,0,7200,4000000,10,False,True,False,,,24.88,1.55,0:26,3734860,0,,True
654,config0,,,road-euroroad.edges,road,ilp,0,7200,4000000,12,False,True,False,,,25.5,1.63,0:27,3734372,0,,True
745,config0,,,road-euroroad.edges,road,ilp,0,7200,4000000,16,False,True,False,,,25.14,1.57,0:27,3734344,0,,True
26,config0,,,road-luxembourg-osm.mtx,road,ilp,0,7200,4000000,1,False,True,False,,,36.25,1.27,1:13,3588524,0,,True
117,config0,,,road-luxembourg-osm.mtx,road,ilp,0,7200,4000000,2,False,True,False,,,34.89,1.24,0:36,3590696,0,,True
207,config0,,,road-luxembourg-osm.mtx,road,ilp,0,7200,4000000,3,False,True,False,,,34.44,1.33,0:36,3588500,0,,True
298,config0,,,road-luxembourg-osm.mtx,road,ilp,0,7200,4000000,4,False,True,False,,,33.75,1.3,0:35,3589488,0,,True
389,config0,,,road-luxembourg-osm.mtx,road,ilp,0,7200,4000000,6,False,True,False,,,34.47,1.25,0:35,3588804,0,,True
479,config0,,,road-luxembourg-osm.mtx,road,ilp,0,7200,4000000,8,False,True,False,,,43.64,3.83,1:00,3588272,0,,True
568,config0,,,road-luxembourg-osm.mtx,road,ilp,0,7200,4000000,10,False,True,False,,,42.44,1.66,0:44,3593464,0,,True
658,config0,,,road-luxembourg-osm.mtx,road,ilp,0,7200,4000000,12,False,True,False,,,42.34,1.61,0:44,3589256,0,,True
749,config0,,,road-luxembourg-osm.mtx,road,ilp,0,7200,4000000,16,False,True,False,,,42.38,1.76,0:44,3592268,0,,True
25,config0,,,road-minnesota.mtx,road,ilp,0,7200,4000000,1,False,True,False,,,26.41,1.37,0:28,3590884,0,,True
116,config0,,,road-minnesota.mtx,road,ilp,0,7200,4000000,2,False,True,False,,,18.87,1.31,0:20,3592744,0,,True
206,config0,,,road-minnesota.mtx,road,ilp,0,7200,4000000,3,False,True,False,,,26.15,3.75,0:42,3590984,0,,True
297,config0,,,road-minnesota.mtx,road,ilp,0,7200,4000000,4,False,True,False,,,27.03,1.82,0:29,3590740,0,,True
388,config0,,,road-minnesota.mtx,road,ilp,0,7200,4000000,6,False,True,False,,,26.45,1.7,0:28,3595084,0,,True
478,config0,,,road-minnesota.mtx,road,ilp,0,7200,4000000,8,False,True,False,,,26.05,1.66,0:28,3590896,0,,True
567,config0,,,road-minnesota.mtx,road,ilp,0,7200,4000000,10,False,True,False,,,26.62,1.72,0:28,3591044,0,,True
657,config0,,,road-minnesota.mtx,road,ilp,0,7200,4000000,12,False,True,False,,,26.33,1.67,0:28,3590912,0,,True
748,config0,,,road-minnesota.mtx,road,ilp,0,7200,4000000,16,False,True,False,,,25.58,1.72,0:27,3593008,0,,True
24,config0,,,road-roadNet-PA.mtx,road,ilp,0,7200,4000000,1,False,True,False,,,271.74,3.69,4:48,3567188,0,,True
115,config0,,,road-roadNet-PA.mtx,road,ilp,0,7200,4000000,2,False,True,False,,,228.86,1.52,3:51,3569080,0,,True
205,config0,,,road-roadNet-PA.mtx,road,ilp,0,7200,4000000,3,False,True,False,,,225.1,1.36,4:24,3566980,0,,True
296,config0,,,road-roadNet-PA.mtx,road,ilp,0,7200,4000000,4,False,True,False,,,220.34,1.35,3:42,3569872,0,,True
387,config0,,,road-roadNet-PA.mtx,road,ilp,0,7200,4000000,6,False,True,False,,,221.7,1.4,3:44,3567688,0,,True
477,config0,,,road-roadNet-PA.mtx,road,ilp,0,7200,4000000,8,False,True,False,,,221.29,1.31,3:43,3569232,0,,True
566,config0,,,road-roadNet-PA.mtx,road,ilp,0,7200,4000000,10,False,True,False,,,221.6,1.28,3:43,3568716,0,,True
656,config0,,,road-roadNet-PA.mtx,road,ilp,0,7200,4000000,12,False,True,False,,,219.82,1.2,3:42,3568004,0,,True
747,config0,,,road-roadNet-PA.mtx,road,ilp,0,7200,4000000,16,False,True,False,,,269.36,3.66,4:46,3567860,0,,True
57,config0,124.0,2013.0,soc-dolphins.mtx,social,ilp,0,7200,4000000,1,False,True,True,62.0,159.0,4.12,0.25,0:02,95216,0,,False
146,config0,,,soc-dolphins.mtx,social,ilp,0,7200,4000000,2,False,True,False,,,25.78,1.67,0:27,3594344,0,,True
235,config0,,,soc-dolphins.mtx,social,ilp,0,7200,4000000,3,False,True,False,,,29.01,1.34,0:30,3590992,0,,True
327,config0,,,soc-dolphins.mtx,social,ilp,0,7200,4000000,4,False,True,False,,,25.43,1.26,0:26,3590924,0,,True
420,config0,,,soc-dolphins.mtx,social,ilp,0,7200,4000000,6,False,True,False,,,23.22,1.29,0:24,3520208,0,,True
509,config0,,,soc-dolphins.mtx,social,ilp,0,7200,4000000,8,False,True,False,,,23.31,1.23,0:25,3515936,0,,True
596,config0,,,soc-dolphins.mtx,social,ilp,0,7200,4000000,10,False,True,False,,,23.3,1.25,0:24,3516204,0,,True
688,config0,,,soc-dolphins.mtx,social,ilp,0,7200,4000000,12,False,True,False,,,29.48,3.83,0:46,3518456,0,,True
779,config0,,,soc-dolphins.mtx,social,ilp,0,7200,4000000,16,False,True,False,,,29.56,1.68,0:31,3516204,0,,True
7,config0,64.0,560.0,soccer_ball.txt,geometric,ilp,0,7200,4000000,1,False,True,True,32.0,90.0,1122.54,0.21,9:23,66708,0,,False
97,config0,64.0,120722.0,soccer_ball.txt,geometric,ilp,0,7200,4000000,2,False,True,False,32.0,90.0,544.1,2.34,4:37,3126016,0,,False
187,config0,,,soccer_ball.txt,geometric,ilp,0,7200,4000000,3,False,True,False,,,36.58,3.18,0:48,3734348,0,,True
279,config0,,,soccer_ball.txt,geometric,ilp,0,7200,4000000,4,False,True,False,,,38.8,1.68,0:40,3734284,0,,True
371,config0,,,soccer_ball.txt,geometric,ilp,0,7200,4000000,6,False,True,False,,,103.19,1.69,1:45,3734008,0,,True
461,config0,,,soccer_ball.txt,geometric,ilp,0,7200,4000000,8,False,True,False,,,725.95,1.49,12:10,3739160,0,,True
550,config0,,,soccer_ball.txt,geometric,ilp,0,7200,4000000,10,False,True,False,,,5064.96,1.38,1:24:46,3731196,0,,True
640,config0,,,soccer_ball.txt,geometric,ilp,0,7200,4000000,12,True,True,True,,,7198.99,0.59,2:00:28,1473532,0,,False
730,config0,,,soccer_ball.txt,geometric,ilp,0,7200,4000000,16,True,True,True,,,7199.14,0.41,2:00:35,434664,0,,False
61,config0,,,socfb-Amherst41.mtx,social,ilp,0,7200,4000000,1,False,True,False,,,83.75,4.08,1:43,3589912,0,,True
150,config0,,,socfb-Amherst41.mtx,social,ilp,0,7200,4000000,2,False,True,False,,,81.07,1.69,1:23,3590336,0,,True
239,config0,,,socfb-Amherst41.mtx,social,ilp,0,7200,4000000,3,False,True,False,,,79.43,1.57,1:21,3590156,0,,True
331,config0,,,socfb-Amherst41.mtx,social,ilp,0,7200,4000000,4,False,True,False,,,73.7,1.56,1:16,3590268,0,,True
424,config0,,,socfb-Amherst41.mtx,social,ilp,0,7200,4000000,6,False,True,False,,,67.63,1.5,1:10,3590076,0,,True
513,config0,,,socfb-Amherst41.mtx,social,ilp,0,7200,4000000,8,False,True,False,,,65.97,1.32,1:07,3590076,0,,True
600,config0,,,socfb-Amherst41.mtx,social,ilp,0,7200,4000000,10,False,True,False,,,63.26,1.38,1:06,3594256,0,,True
692,config0,,,socfb-Amherst41.mtx,social,ilp,0,7200,4000000,12,False,True,False,,,63.57,1.24,1:05,3590312,0,,True
783,config0,,,socfb-Amherst41.mtx,social,ilp,0,7200,4000000,16,False,True,False,,,82.16,3.87,1:39,3592156,0,,True
54,config0,,,socfb-Bowdoin47.mtx,social,ilp,0,7200,4000000,1,False,True,False,,,68.73,1.49,1:10,3590148,0,,True
143,config0,,,socfb-Bowdoin47.mtx,social,ilp,0,7200,4000000,2,False,True,False,,,62.42,1.42,1:04,3592380,0,,True
232,config0,,,socfb-Bowdoin47.mtx,social,ilp,0,7200,4000000,3,False,True,False,,,57.99,1.39,0:59,3592272,0,,True
324,config0,,,socfb-Bowdoin47.mtx,social,ilp,0,7200,4000000,4,False,True,False,,,56.61,1.36,0:58,3590228,0,,True
417,config0,,,socfb-Bowdoin47.mtx,social,ilp,0,7200,4000000,6,False,True,False,,,69.83,3.8,1:26,3590420,0,,True
506,config0,,,socfb-Bowdoin47.mtx,social,ilp,0,7200,4000000,8,False,True,False,,,70.29,1.68,1:12,3590228,0,,True
593,config0,,,socfb-Bowdoin47.mtx,social,ilp,0,7200,4000000,10,False,True,False,,,68.9,1.58,1:11,3592408,0,,True
685,config0,,,socfb-Bowdoin47.mtx,social,ilp,0,7200,4000000,12,False,True,False,,,65.93,1.51,1:07,3592352,0,,True
776,config0,,,socfb-Bowdoin47.mtx,social,ilp,0,7200,4000000,16,False,True,False,,,59.53,1.41,1:01,3590304,0,,True
70,config0,,,socfb-Caltech36.mtx,social,ilp,0,7200,4000000,1,False,True,False,,,31.82,1.68,0:33,3468048,0,,False
159,config0,,,socfb-Caltech36.mtx,social,ilp,0,7200,4000000,2,False,True,False,,,25.22,1.64,0:27,3590532,0,,True
248,config0,,,socfb-Caltech36.mtx,social,ilp,0,7200,4000000,3,False,True,False,,,29.35,1.71,0:31,3590492,0,,True
340,config0,,,socfb-Caltech36.mtx,social,ilp,0,7200,4000000,4,False,True,False,,,28.87,1.66,0:30,3590496,0,,True
433,config0,,,socfb-Caltech36.mtx,social,ilp,0,7200,4000000,6,False,True,False,,,29.07,1.6,0:30,3596500,0,,True
522,config0,,,socfb-Caltech36.mtx,social,ilp,0,7200,4000000,8,False,True,False,,,28.27,1.58,0:30,3590340,0,,True
609,config0,,,socfb-Caltech36.mtx,social,ilp,0,7200,4000000,10,False,True,False,,,27.2,1.58,0:29,3590640,0,,True
701,config0,,,socfb-Caltech36.mtx,social,ilp,0,7200,4000000,12,False,True,False,,,30.05,3.71,0:48,3592564,0,,True
792,config0,,,socfb-Caltech36.mtx,social,ilp,0,7200,4000000,16,False,True,False,,,31.13,1.66,0:33,3590552,0,,True
56,config0,,,socfb-Colgate88.mtx,social,ilp,0,7200,4000000,1,False,True,False,,,124.12,1.69,2:07,3590420,0,,True
145,config0,,,socfb-Colgate88.mtx,social,ilp,0,7200,4000000,2,False,True,False,,,120.04,1.58,2:02,3590312,0,,True
234,config0,,,socfb-Colgate88.mtx,social,ilp,0,7200,4000000,3,False,True,False,,,105.21,1.35,1:47,3590308,0,,True
326,config0,,,socfb-Colgate88.mtx,social,ilp,0,7200,4000000,4,False,True,False,,,97.94,1.33,1:39,3590064,0,,True
419,config0,,,socfb-Colgate88.mtx,social,ilp,0,7200,4000000,6,False,True,False,,,97.57,1.24,2:36,3590084,0,,True
508,config0,,,socfb-Colgate88.mtx,social,ilp,0,7200,4000000,8,False,True,False,,,96.94,1.22,1:38,3590304,0,,True
595,config0,,,socfb-Colgate88.mtx,social,ilp,0,7200,4000000,10,False,True,False,,,97.44,1.17,1:39,3590292,0,,True
687,config0,,,socfb-Colgate88.mtx,social,ilp,0,7200,4000000,12,False,True,False,,,122.79,3.63,2:20,3590152,0,,True
778,config0,,,socfb-Colgate88.mtx,social,ilp,0,7200,4000000,16,False,True,False,,,120.69,1.5,2:03,3590220,0,,True
66,config0,,,socfb-Hamilton46.mtx,social,ilp,0,7200,4000000,1,False,True,False,,,83.4,1.66,1:25,3590204,0,,True
155,config0,,,socfb-Hamilton46.mtx,social,ilp,0,7200,4000000,2,False,True,False,,,78.54,1.56,1:20,3590252,0,,True
244,config0,,,socfb-Hamilton46.mtx,social,ilp,0,7200,4000000,3,False,True,False,,,73.45,1.43,1:15,3590204,0,,True
336,config0,,,socfb-Hamilton46.mtx,social,ilp,0,7200,4000000,4,False,True,False,,,83.96,3.79,1:41,3592460,0,,True
429,config0,,,socfb-Hamilton46.mtx,social,ilp,0,7200,4000000,6,False,True,False,,,81.14,2.1,1:24,3591888,0,,True
518,config0,,,socfb-Hamilton46.mtx,social,ilp,0,7200,4000000,8,False,True,False,,,79.95,1.78,1:22,3592220,0,,True
605,config0,,,socfb-Hamilton46.mtx,social,ilp,0,7200,4000000,10,False,True,False,,,73.53,1.87,1:16,3592252,0,,True
697,config0,,,socfb-Hamilton46.mtx,social,ilp,0,7200,4000000,12,False,True,False,,,67.89,1.36,1:10,3590148,0,,True
788,config0,,,socfb-Hamilton46.mtx,social,ilp,0,7200,4000000,16,False,True,False,,,64.65,1.35,1:06,3589976,0,,True
58,config0,,,socfb-Haverford76.mtx,social,ilp,0,7200,4000000,1,False,True,False,,,60.7,1.58,1:02,3590360,0,,True
147,config0,,,socfb-Haverford76.mtx,social,ilp,0,7200,4000000,2,False,True,False,,,60.45,1.6,1:02,3594192,0,,True
236,config0,,,socfb-Haverford76.mtx,social,ilp,0,7200,4000000,3,False,True,False,,,58.91,1.71,1:01,3592048,0,,True
328,config0,,,socfb-Haverford76.mtx,social,ilp,0,7200,4000000,4,False,True,False,,,55.78,1.57,0:57,3590276,0,,True
421,config0,,,socfb-Haverford76.mtx,social,ilp,0,7200,4000000,6,False,True,False,,,60.44,3.9,1:19,3590252,0,,True
510,config0,,,socfb-Haverford76.mtx,social,ilp,0,7200,4000000,8,False,True,False,,,60.05,1.65,1:02,3594328,0,,True
597,config0,,,socfb-Haverford76.mtx,social,ilp,0,7200,4000000,10,False,True,False,,,60.95,1.67,1:03,3592068,0,,True
689,config0,,,socfb-Haverford76.mtx,social,ilp,0,7200,4000000,12,False,True,False,,,58.52,1.6,1:00,3590380,0,,True
780,config0,,,socfb-Haverford76.mtx,social,ilp,0,7200,4000000,16,False,True,False,,,54.0,1.46,0:55,3590344,0,,True
59,config0,,,socfb-Mich67.mtx,social,ilp,0,7200,4000000,1,False,True,False,,,58.1,1.79,1:00,3590208,0,,True
148,config0,,,socfb-Mich67.mtx,social,ilp,0,7200,4000000,2,False,True,False,,,56.91,1.64,0:59,3590304,0,,True
237,config0,,,socfb-Mich67.mtx,social,ilp,0,7200,4000000,3,False,True,False,,,53.76,1.55,0:55,3594116,0,,True
329,config0,,,socfb-Mich67.mtx,social,ilp,0,7200,4000000,4,False,True,False,,,51.3,1.48,0:53,3590232,0,,True
422,config0,,,socfb-Mich67.mtx,social,ilp,0,7200,4000000,6,False,True,False,,,48.46,1.4,0:50,3591988,0,,True
511,config0,,,socfb-Mich67.mtx,social,ilp,0,7200,4000000,8,False,True,False,,,46.79,1.36,0:48,3591920,0,,True
598,config0,,,socfb-Mich67.mtx,social,ilp,0,7200,4000000,10,False,True,False,,,46.23,1.34,0:47,3589928,0,,True
690,config0,,,socfb-Mich67.mtx,social,ilp,0,7200,4000000,12,False,True,False,,,56.6,3.94,1:15,3594276,0,,True
781,config0,,,socfb-Mich67.mtx,social,ilp,0,7200,4000000,16,False,True,False,,,56.01,1.68,0:58,3589964,0,,True
73,config0,,,socfb-Middlebury45.mtx,social,ilp,0,7200,4000000,1,False,True,False,,,96.16,1.57,1:38,3590208,0,,True
162,config0,,,socfb-Middlebury45.mtx,social,ilp,0,7200,4000000,2,False,True,False,,,98.14,3.9,1:56,3590416,0,,True
251,config0,,,socfb-Middlebury45.mtx,social,ilp,0,7200,4000000,3,False,True,False,,,97.51,1.65,1:39,3592292,0,,True
343,config0,,,socfb-Middlebury45.mtx,social,ilp,0,7200,4000000,4,False,True,False,,,92.55,1.45,1:34,3590404,0,,True
436,config0,,,socfb-Middlebury45.mtx,social,ilp,0,7200,4000000,6,False,True,False,,,83.04,1.38,1:24,3590440,0,,True
525,config0,,,socfb-Middlebury45.mtx,social,ilp,0,7200,4000000,8,False,True,False,,,78.44,1.24,1:20,3590340,0,,True
612,config0,,,socfb-Middlebury45.mtx,social,ilp,0,7200,4000000,10,False,True,False,,,78.45,1.29,1:21,3590156,0,,True
704,config0,,,socfb-Middlebury45.mtx,social,ilp,0,7200,4000000,12,False,True,False,,,77.83,1.26,1:22,3590232,0,,True
795,config0,,,socfb-Middlebury45.mtx,social,ilp,0,7200,4000000,16,False,True,False,,,77.93,1.31,1:19,3592400,0,,True
62,config0,,,socfb-Oberlin44.mtx,social,ilp,0,7200,4000000,1,False,True,False,,,66.67,3.88,1:25,3592100,0,,True
151,config0,,,socfb-Oberlin44.mtx,social,ilp,0,7200,4000000,2,False,True,False,,,64.3,1.7,1:06,3592232,0,,True
240,config0,,,socfb-Oberlin44.mtx,social,ilp,0,7200,4000000,3,False,True,False,,,64.06,1.65,1:06,3592344,0,,True
332,config0,,,socfb-Oberlin44.mtx,social,ilp,0,7200,4000000,4,False,True,False,,,61.91,1.57,1:03,3590380,0,,True
425,config0,,,socfb-Oberlin44.mtx,social,ilp,0,7200,4000000,6,False,True,False,,,57.45,1.49,0:59,3592168,0,,True
514,config0,,,socfb-Oberlin44.mtx,social,ilp,0,7200,4000000,8,False,True,False,,,54.3,1.42,0:56,3590140,0,,True
601,config0,,,socfb-Oberlin44.mtx,social,ilp,0,7200,4000000,10,False,True,False,,,53.97,1.32,0:55,3590396,0,,True
693,config0,,,socfb-Oberlin44.mtx,social,ilp,0,7200,4000000,12,False,True,False,,,51.8,1.24,0:53,3590248,0,,True
784,config0,,,socfb-Oberlin44.mtx,social,ilp,0,7200,4000000,16,False,True,False,,,66.51,3.79,1:23,3591916,0,,True
63,config0,,,socfb-Pepperdine86.mtx,social,ilp,0,7200,4000000,1,False,True,False,,,129.21,1.65,2:11,3590284,0,,True
152,config0,,,socfb-Pepperdine86.mtx,social,ilp,0,7200,4000000,2,False,True,False,,,120.55,1.38,2:02,3590324,0,,True
241,config0,,,socfb-Pepperdine86.mtx,social,ilp,0,7200,4000000,3,False,True,False,,,109.45,1.35,1:52,3590308,0,,True
333,config0,,,socfb-Pepperdine86.mtx,social,ilp,0,7200,4000000,4,False,True,False,,,103.07,1.24,1:45,3592448,0,,True
426,config0,,,socfb-Pepperdine86.mtx,social,ilp,0,7200,4000000,6,False,True,False,,,105.21,1.3,1:47,3590164,0,,True
515,config0,,,socfb-Pepperdine86.mtx,social,ilp,0,7200,4000000,8,False,True,False,,,131.11,3.68,2:28,3590248,0,,True
602,config0,,,socfb-Pepperdine86.mtx,social,ilp,0,7200,4000000,10,False,True,False,,,126.08,1.6,2:08,3590212,0,,True
694,config0,,,socfb-Pepperdine86.mtx,social,ilp,0,7200,4000000,12,False,True,False,,,114.28,1.31,1:56,3590320,0,,True
785,config0,,,socfb-Pepperdine86.mtx,social,ilp,0,7200,4000000,16,False,True,False,,,108.57,1.25,1:50,3590420,0,,True
64,config0,,,socfb-Reed98.mtx,social,ilp,0,7200,4000000,1,False,True,False,,,26.41,1.52,0:28,3592384,0,,True
153,config0,,,socfb-Reed98.mtx,social,ilp,0,7200,4000000,2,False,True,False,,,25.43,3.75,0:42,3590572,0,,True
242,config0,,,socfb-Reed98.mtx,social,ilp,0,7200,4000000,3,False,True,False,,,26.57,1.67,0:28,3590496,0,,True
334,config0,,,socfb-Reed98.mtx,social,ilp,0,7200,4000000,4,False,True,False,,,25.81,1.65,0:28,3590600,0,,True
427,config0,,,socfb-Reed98.mtx,social,ilp,0,7200,4000000,6,False,True,False,,,25.42,1.64,0:27,3590568,0,,True
516,config0,,,socfb-Reed98.mtx,social,ilp,0,7200,4000000,8,False,True,False,,,25.97,1.59,0:27,3590432,0,,True
603,config0,,,socfb-Reed98.mtx,social,ilp,0,7200,4000000,10,False,True,False,,,25.8,1.58,0:28,3590560,0,,True
695,config0,,,socfb-Reed98.mtx,social,ilp,0,7200,4000000,12,False,True,False,,,25.3,1.68,0:27,3590316,0,,True
786,config0,,,socfb-Reed98.mtx,social,ilp,0,7200,4000000,16,False,True,False,,,25.52,1.6,0:27,3590468,0,,True
69,config0,,,socfb-Simmons81.mtx,social,ilp,0,7200,4000000,1,False,True,False,,,31.05,1.37,0:32,3590932,0,,True
158,config0,,,socfb-Simmons81.mtx,social,ilp,0,7200,4000000,2,False,True,False,,,26.32,1.35,0:27,3590500,0,,True
247,config0,,,socfb-Simmons81.mtx,social,ilp,0,7200,4000000,3,False,True,False,,,26.1,1.35,0:27,3590664,0,,True
339,config0,,,socfb-Simmons81.mtx,social,ilp,0,7200,4000000,4,False,True,False,,,31.45,3.8,0:50,3590224,0,,True
432,config0,,,socfb-Simmons81.mtx,social,ilp,0,7200,4000000,6,False,True,False,,,31.82,1.69,0:33,3592852,0,,True
521,config0,,,socfb-Simmons81.mtx,social,ilp,0,7200,4000000,8,False,True,False,,,31.07,1.74,0:33,3590444,0,,True
608,config0,,,socfb-Simmons81.mtx,social,ilp,0,7200,4000000,10,False,True,False,,,30.96,1.6,0:32,3590736,0,,True
700,config0,,,socfb-Simmons81.mtx,social,ilp,0,7200,4000000,12,False,True,False,,,30.85,1.66,0:32,3590256,0,,True
791,config0,,,socfb-Simmons81.mtx,social,ilp,0,7200,4000000,16,False,True,False,,,30.57,1.76,0:32,3592928,0,,True
71,config0,,,socfb-Smith60.mtx,social,ilp,0,7200,4000000,1,False,True,False,,,56.73,1.21,0:58,3590428,0,,True
160,config0,,,socfb-Smith60.mtx,social,ilp,0,7200,4000000,2,False,True,False,,,53.88,1.16,0:55,3590468,0,,True
249,config0,,,socfb-Smith60.mtx,social,ilp,0,7200,4000000,3,False,True,False,,,52.73,1.31,0:54,3590272,0,,True
341,config0,,,socfb-Smith60.mtx,social,ilp,0,7200,4000000,4,False,True,False,,,53.4,1.16,0:55,3592332,0,,True
434,config0,,,socfb-Smith60.mtx,social,ilp,0,7200,4000000,6,False,True,False,,,53.43,1.12,0:55,3590496,0,,True
523,config0,,,socfb-Smith60.mtx,social,ilp,0,7200,4000000,8,False,True,False,,,70.75,3.86,1:27,3590400,0,,True
610,config0,,,socfb-Smith60.mtx,social,ilp,0,7200,4000000,10,False,True,False,,,66.57,1.6,1:08,3592304,0,,True
702,config0,,,socfb-Smith60.mtx,social,ilp,0,7200,4000000,12,False,True,False,,,66.7,1.64,1:08,3590544,0,,True
793,config0,,,socfb-Smith60.mtx,social,ilp,0,7200,4000000,16,False,True,False,,,62.99,1.85,1:05,3592360,0,,True
74,config0,,,socfb-Swarthmore42.mtx,social,ilp,0,7200,4000000,1,False,True,False,,,44.92,1.1,0:46,3590292,0,,True
163,config0,,,socfb-Swarthmore42.mtx,social,ilp,0,7200,4000000,2,False,True,False,,,41.85,1.15,0:43,3590104,0,,True
252,config0,,,socfb-Swarthmore42.mtx,social,ilp,0,7200,4000000,3,False,True,False,,,41.11,1.13,0:42,3592340,0,,True
344,config0,,,socfb-Swarthmore42.mtx,social,ilp,0,7200,4000000,4,False,True,False,,,41.69,1.16,0:43,3590232,0,,True
437,config0,,,socfb-Swarthmore42.mtx,social,ilp,0,7200,4000000,6,False,True,False,,,41.38,1.16,0:42,3590256,0,,True
526,config0,,,socfb-Swarthmore42.mtx,social,ilp,0,7200,4000000,8,False,True,False,,,53.8,4.32,1:13,3590136,0,,True
613,config0,,,socfb-Swarthmore42.mtx,social,ilp,0,7200,4000000,10,False,True,False,,,54.14,1.67,0:56,3590224,0,,True
705,config0,,,socfb-Swarthmore42.mtx,social,ilp,0,7200,4000000,12,False,True,False,,,55.04,1.69,0:57,3590196,0,,True
796,config0,,,socfb-Swarthmore42.mtx,social,ilp,0,7200,4000000,16,False,True,False,,,52.94,1.68,0:55,3590208,0,,True
72,config0,,,socfb-Trinity100.mtx,social,ilp,0,7200,4000000,1,False,True,False,,,94.85,3.59,1:52,3590176,0,,True
161,config0,,,socfb-Trinity100.mtx,social,ilp,0,7200,4000000,2,False,True,False,,,91.52,1.44,1:33,3592092,0,,True
250,config0,,,socfb-Trinity100.mtx,social,ilp,0,7200,4000000,3,False,True,False,,,89.57,1.39,1:31,3590092,0,,True
342,config0,,,socfb-Trinity100.mtx,social,ilp,0,7200,4000000,4,False,True,False,,,80.31,1.33,1:22,3592184,0,,True
435,config0,,,socfb-Trinity100.mtx,social,ilp,0,7200,4000000,6,False,True,False,,,75.28,1.25,1:16,3591920,0,,True
524,config0,,,socfb-Trinity100.mtx,social,ilp,0,7200,4000000,8,False,True,False,,,73.73,1.15,1:15,3591964,0,,True
611,config0,,,socfb-Trinity100.mtx,social,ilp,0,7200,4000000,10,False,True,False,,,72.83,1.31,1:16,3592040,0,,True
703,config0,,,socfb-Trinity100.mtx,social,ilp,0,7200,4000000,12,False,True,False,,,73.4,1.16,1:14,3590088,0,,True
794,config0,,,socfb-Trinity100.mtx,social,ilp,0,7200,4000000,16,False,True,False,,,94.4,3.58,1:51,3589988,0,,True
60,config0,,,socfb-USFCA72.mtx,social,ilp,0,7200,4000000,1,False,True,False,,,48.74,1.65,0:50,3590188,0,,True
149,config0,,,socfb-USFCA72.mtx,social,ilp,0,7200,4000000,2,False,True,False,,,43.17,1.5,0:45,3590020,0,,True
238,config0,,,socfb-USFCA72.mtx,social,ilp,0,7200,4000000,3,False,True,False,,,41.82,1.38,0:43,3590152,0,,True
330,config0,,,socfb-USFCA72.mtx,social,ilp,0,7200,4000000,4,False,True,False,,,47.35,3.77,1:04,3592368,0,,True
423,config0,,,socfb-USFCA72.mtx,social,ilp,0,7200,4000000,6,False,True,False,,,45.75,1.64,0:47,3590388,0,,True
512,config0,,,socfb-USFCA72.mtx,social,ilp,0,7200,4000000,8,False,True,False,,,44.81,1.66,0:46,3590292,0,,True
599,config0,,,socfb-USFCA72.mtx,social,ilp,0,7200,4000000,10,False,True,False,,,45.53,1.63,0:47,3590312,0,,True
691,config0,,,socfb-USFCA72.mtx,social,ilp,0,7200,4000000,12,False,True,False,,,44.48,1.54,0:46,3590416,0,,True
782,config0,,,socfb-USFCA72.mtx,social,ilp,0,7200,4000000,16,False,True,False,,,42.48,1.48,0:44,3590256,0,,True
55,config0,,,socfb-Vassar85.mtx,social,ilp,0,7200,4000000,1,False,True,False,,,85.85,1.57,1:28,3590180,0,,True
144,config0,,,socfb-Vassar85.mtx,social,ilp,0,7200,4000000,2,False,True,False,,,86.4,4.35,1:44,3590404,0,,True
233,config0,,,socfb-Vassar85.mtx,social,ilp,0,7200,4000000,3,False,True,False,,,86.3,1.69,1:28,3590344,0,,True
325,config0,,,socfb-Vassar85.mtx,social,ilp,0,7200,4000000,4,False,True,False,,,83.17,1.6,1:25,3590108,0,,True
418,config0,,,socfb-Vassar85.mtx,social,ilp,0,7200,4000000,6,False,True,False,,,78.23,1.47,1:20,3590344,0,,True
507,config0,,,socfb-Vassar85.mtx,social,ilp,0,7200,4000000,8,False,True,False,,,71.44,1.36,1:13,3590120,0,,True
594,config0,,,socfb-Vassar85.mtx,social,ilp,0,7200,4000000,10,False,True,False,,,68.88,1.25,1:10,3590360,0,,True
686,config0,,,socfb-Vassar85.mtx,social,ilp,0,7200,4000000,12,False,True,False,,,67.55,1.38,2:00,3592240,0,,True
777,config0,,,socfb-Vassar85.mtx,social,ilp,0,7200,4000000,16,False,True,False,,,67.23,1.33,1:08,3590288,0,,True
65,config0,,,socfb-Wellesley22.mtx,social,ilp,0,7200,4000000,1,False,True,False,,,64.55,1.5,1:06,3590300,0,,True
154,config0,,,socfb-Wellesley22.mtx,social,ilp,0,7200,4000000,2,False,True,False,,,59.21,1.42,1:01,3590256,0,,True
243,config0,,,socfb-Wellesley22.mtx,social,ilp,0,7200,4000000,3,False,True,False,,,56.48,1.37,0:58,3590168,0,,True
335,config0,,,socfb-Wellesley22.mtx,social,ilp,0,7200,4000000,4,False,True,False,,,69.37,3.97,1:28,3590148,0,,True
428,config0,,,socfb-Wellesley22.mtx,social,ilp,0,7200,4000000,6,False,True,False,,,67.56,1.75,1:09,3594272,0,,True
517,config0,,,socfb-Wellesley22.mtx,social,ilp,0,7200,4000000,8,False,True,False,,,68.42,1.63,1:10,3590272,0,,True
604,config0,,,socfb-Wellesley22.mtx,social,ilp,0,7200,4000000,10,False,True,False,,,63.56,1.54,1:05,3590208,0,,True
696,config0,,,socfb-Wellesley22.mtx,social,ilp,0,7200,4000000,12,False,True,False,,,59.45,1.46,1:01,3590200,0,,True
787,config0,,,socfb-Wellesley22.mtx,social,ilp,0,7200,4000000,16,False,True,False,,,56.0,1.4,0:57,3590300,0,,True
67,config0,,,socfb-Williams40.mtx,social,ilp,0,7200,4000000,1,False,True,False,,,89.66,1.53,1:31,3590028,0,,True
156,config0,,,socfb-Williams40.mtx,social,ilp,0,7200,4000000,2,False,True,False,,,83.62,1.43,1:25,3590256,0,,True
245,config0,,,socfb-Williams40.mtx,social,ilp,0,7200,4000000,3,False,True,False,,,76.8,1.33,1:18,3594232,0,,True
337,config0,,,socfb-Williams40.mtx,social,ilp,0,7200,4000000,4,False,True,False,,,89.0,3.8,1:48,3594484,0,,True
430,config0,,,socfb-Williams40.mtx,social,ilp,0,7200,4000000,6,False,True,False,,,88.75,1.42,1:31,3590472,0,,True
519,config0,,,socfb-Williams40.mtx,social,ilp,0,7200,4000000,8,False,True,False,,,86.21,1.47,1:28,3592460,0,,True
606,config0,,,socfb-Williams40.mtx,social,ilp,0,7200,4000000,10,False,True,False,,,78.55,1.37,1:20,3594520,0,,True
698,config0,,,socfb-Williams40.mtx,social,ilp,0,7200,4000000,12,False,True,False,,,73.24,1.22,1:15,3590268,0,,True
789,config0,,,socfb-Williams40.mtx,social,ilp,0,7200,4000000,16,False,True,False,,,71.08,1.19,1:12,3590380,0,,True
68,config0,,,socfb-nips-ego.edges,social,ilp,0,7200,4000000,1,False,True,False,,,33.14,1.6,0:35,3724536,0,,True
157,config0,,,socfb-nips-ego.edges,social,ilp,0,7200,4000000,2,False,True,False,,,9.53,1.52,0:11,3734564,0,,True
246,config0,,,socfb-nips-ego.edges,social,ilp,0,7200,4000000,3,False,True,False,,,9.27,1.47,0:10,3738368,0,,True
338,config0,,,socfb-nips-ego.edges,social,ilp,0,7200,4000000,4,False,True,False,,,9.45,1.43,0:11,3734828,0,,True
431,config0,,,socfb-nips-ego.edges,social,ilp,0,7200,4000000,6,False,True,False,,,9.29,1.55,0:11,3734488,0,,True
520,config0,,,socfb-nips-ego.edges,social,ilp,0,7200,4000000,8,False,True,False,,,8.26,2.71,0:17,3736284,0,,True
607,config0,,,socfb-nips-ego.edges,social,ilp,0,7200,4000000,10,False,True,False,,,9.96,1.43,0:11,3734504,0,,True
699,config0,,,socfb-nips-ego.edges,social,ilp,0,7200,4000000,12,False,True,False,,,9.75,1.45,0:11,3734384,0,,True
790,config0,,,socfb-nips-ego.edges,social,ilp,0,7200,4000000,16,False,True,False,,,9.82,1.61,0:11,3734588,0,,True
32,config0,,,web-EPA.edges,webgraph,ilp,0,7200,4000000,1,False,True,False,,,25.34,1.46,0:27,3734552,0,,True
122,config0,,,web-EPA.edges,webgraph,ilp,0,7200,4000000,2,False,True,False,,,14.33,1.39,0:15,3738224,0,,True
212,config0,,,web-EPA.edges,webgraph,ilp,0,7200,4000000,3,False,True,False,,,13.79,1.38,0:15,3734516,0,,True
304,config0,,,web-EPA.edges,webgraph,ilp,0,7200,4000000,4,False,True,False,,,13.83,1.31,0:15,3734460,0,,True
394,config0,,,web-EPA.edges,webgraph,ilp,0,7200,4000000,6,False,True,False,,,15.23,3.09,0:26,3734128,0,,True
484,config0,,,web-EPA.edges,webgraph,ilp,0,7200,4000000,8,False,True,False,,,16.91,1.5,0:18,3734696,0,,True
572,config0,,,web-EPA.edges,webgraph,ilp,0,7200,4000000,10,False,True,False,,,16.83,1.56,0:18,3734636,0,,True
662,config0,,,web-EPA.edges,webgraph,ilp,0,7200,4000000,12,False,True,False,,,16.36,1.56,0:18,3736264,0,,True
755,config0,,,web-EPA.edges,webgraph,ilp,0,7200,4000000,16,False,True,False,,,16.21,1.52,0:17,3734688,0,,True
34,config0,,,web-edu.mtx,webgraph,ilp,0,7200,4000000,1,False,True,False,,,22.73,1.26,0:24,3592764,0,,True
124,config0,,,web-edu.mtx,webgraph,ilp,0,7200,4000000,2,False,True,False,,,18.25,1.27,0:19,3590388,0,,True
214,config0,,,web-edu.mtx,webgraph,ilp,0,7200,4000000,3,False,True,False,,,18.29,1.2,0:19,3590472,0,,True
306,config0,,,web-edu.mtx,webgraph,ilp,0,7200,4000000,4,False,True,False,,,18.32,1.21,0:19,3592776,0,,True
396,config0,,,web-edu.mtx,webgraph,ilp,0,7200,4000000,6,False,True,False,,,22.81,3.55,0:42,3590616,0,,True
486,config0,,,web-edu.mtx,webgraph,ilp,0,7200,4000000,8,False,True,False,,,22.56,1.6,0:24,3590548,0,,True
574,config0,,,web-edu.mtx,webgraph,ilp,0,7200,4000000,10,False,True,False,,,22.43,1.52,0:24,3590436,0,,True
664,config0,,,web-edu.mtx,webgraph,ilp,0,7200,4000000,12,False,True,False,,,22.5,1.49,0:24,3592900,0,,True
757,config0,,,web-edu.mtx,webgraph,ilp,0,7200,4000000,16,False,True,False,,,22.38,1.53,0:24,3590560,0,,True
35,config0,,,web-indochina-2004.mtx,webgraph,ilp,0,7200,4000000,1,False,True,False,,,44.94,1.78,0:47,3592656,0,,True
125,config0,,,web-indochina-2004.mtx,webgraph,ilp,0,7200,4000000,2,False,True,False,,,43.88,1.76,0:46,3590644,0,,True
215,config0,,,web-indochina-2004.mtx,webgraph,ilp,0,7200,4000000,3,False,True,False,,,42.37,1.6,0:44,3592448,0,,True
307,config0,,,web-indochina-2004.mtx,webgraph,ilp,0,7200,4000000,4,False,True,False,,,40.99,1.53,0:42,3592792,0,,True
397,config0,,,web-indochina-2004.mtx,webgraph,ilp,0,7200,4000000,6,False,True,False,,,38.84,1.41,0:40,3590572,0,,True
487,config0,,,web-indochina-2004.mtx,webgraph,ilp,0,7200,4000000,8,False,True,False,,,37.53,1.47,0:39,3590612,0,,True
575,config0,,,web-indochina-2004.mtx,webgraph,ilp,0,7200,4000000,10,False,True,False,,,43.63,3.75,1:02,3590636,0,,True
665,config0,,,web-indochina-2004.mtx,webgraph,ilp,0,7200,4000000,12,False,True,False,,,43.31,1.51,0:45,3590516,0,,True
758,config0,,,web-indochina-2004.mtx,webgraph,ilp,0,7200,4000000,16,False,True,False,,,42.67,1.57,0:44,3590596,0,,True
33,config0,,,web-spam.mtx,webgraph,ilp,0,7200,4000000,1,False,True,False,,,29.94,1.45,0:32,3589932,0,,True
123,config0,,,web-spam.mtx,webgraph,ilp,0,7200,4000000,2,False,True,False,,,34.6,3.76,0:53,3590276,0,,True
213,config0,,,web-spam.mtx,webgraph,ilp,0,7200,4000000,3,False,True,False,,,34.53,1.55,0:36,3590324,0,,True
305,config0,,,web-spam.mtx,webgraph,ilp,0,7200,4000000,4,False,True,False,,,34.21,1.54,0:36,3592332,0,,True
395,config0,,,web-spam.mtx,webgraph,ilp,0,7200,4000000,6,False,True,False,,,33.88,1.53,0:36,3590000,0,,True
485,config0,,,web-spam.mtx,webgraph,ilp,0,7200,4000000,8,False,True,False,,,34.12,1.55,0:36,3590052,0,,True
573,config0,,,web-spam.mtx,webgraph,ilp,0,7200,4000000,10,False,True,False,,,34.13,1.45,0:36,3592148,0,,True
663,config0,,,web-spam.mtx,webgraph,ilp,0,7200,4000000,12,False,True,False,,,33.56,1.37,0:35,3590308,0,,True
756,config0,,,web-spam.mtx,webgraph,ilp,0,7200,4000000,16,False,True,False,,,32.17,1.41,0:34,3590000,0,,True
36,config0,,,web-webbase-2001.mtx,webgraph,ilp,0,7200,4000000,1,False,True,False,,,32.45,1.45,0:34,3358988,0,,False
126,config0,,,web-webbase-2001.mtx,webgraph,ilp,0,7200,4000000,2,False,True,False,,,30.67,1.54,0:32,3590480,0,,True
216,config0,,,web-webbase-2001.mtx,webgraph,ilp,0,7200,4000000,3,False,True,False,,,30.37,1.46,0:32,3590476,0,,True
308,config0,,,web-webbase-2001.mtx,webgraph,ilp,0,7200,4000000,4,False,True,False,,,30.5,1.56,0:32,3590528,0,,True
398,config0,,,web-webbase-2001.mtx,webgraph,ilp,0,7200,4000000,6,False,True,False,,,29.72,1.52,0:31,3590416,0,,True
488,config0,,,web-webbase-2001.mtx,webgraph,ilp,0,7200,4000000,8,False,True,False,,,29.07,1.42,0:30,3592360,0,,True
576,config0,,,web-webbase-2001.mtx,webgraph,ilp,0,7200,4000000,10,False,True,False,,,28.04,1.32,0:29,3590512,0,,True
666,config0,,,web-webbase-2001.mtx,webgraph,ilp,0,7200,4000000,12,False,True,False,,,30.83,3.83,0:49,3590472,0,,True
759,config0,,,web-webbase-2001.mtx,webgraph,ilp,0,7200,4000000,16,False,True,False,,,30.48,1.56,0:32,3592372,0,,True
184,config1,108.0,154.0,MadridAdj.txt,crime,ilp,1,7200,4000000,3,False,True,True,54.0,226.0,2544.46,1.44,42:58,65712,0,,False
276,config1,,,MadridAdj.txt,crime,ilp,1,7200,4000000,4,True,True,True,,,7199.39,0.18,2:00:43,66416,0,,False
368,config1,,,MadridAdj.txt,crime,ilp,1,7200,4000000,6,True,True,True,,,7199.31,0.18,2:00:43,66068,0,,False
458,config1,,,MadridAdj.txt,crime,ilp,1,7200,4000000,8,True,True,True,,,7199.43,0.16,2:00:39,65244,0,,False
547,config1,,,MadridAdj.txt,crime,ilp,1,7200,4000000,10,True,True,True,,,7199.38,0.18,2:00:41,67500,0,,False
637,config1,,,MadridAdj.txt,crime,ilp,1,7200,4000000,12,True,True,True,,,7199.26,0.18,2:00:40,65968,0,,False
727,config1,,,MadridAdj.txt,crime,ilp,1,7200,4000000,16,True,True,True,,,7199.41,0.17,2:40:43,67784,126,,False
4,config1,20.0,42.0,ParisAdj.txt,crime,ilp,1,7200,4000000,1,False,True,True,10.0,14.0,1.18,0.22,0:01,66000,0,,False
94,config1,20.0,29.0,ParisAdj.txt,crime,ilp,1,7200,4000000,2,False,True,True,10.0,14.0,1.72,0.2,0:01,70412,0,,False
183,config1,20.0,28.0,ParisAdj.txt,crime,ilp,1,7200,4000000,3,False,True,True,10.0,14.0,0.34,0.21,0:00,65780,0,,False
275,config1,20.0,28.0,ParisAdj.txt,crime,ilp,1,7200,4000000,4,False,True,True,10.0,14.0,0.6,0.2,0:00,66208,0,,False
367,config1,20.0,28.0,ParisAdj.txt,crime,ilp,1,7200,4000000,6,False,True,True,10.0,14.0,1.76,0.17,0:02,67020,0,,False
457,config1,20.0,28.0,ParisAdj.txt,crime,ilp,1,7200,4000000,8,False,True,True,10.0,14.0,2.4,0.22,0:07,66420,0,,False
546,config1,20.0,28.0,ParisAdj.txt,crime,ilp,1,7200,4000000,10,False,True,True,10.0,14.0,2.05,1.76,0:10,65444,0,,False
636,config1,20.0,28.0,ParisAdj.txt,crime,ilp,1,7200,4000000,12,False,True,True,10.0,14.0,2.01,0.18,0:02,66912,0,,False
726,config1,20.0,28.0,ParisAdj.txt,crime,ilp,1,7200,4000000,16,False,True,True,10.0,14.0,2.0,0.17,0:02,66256,0,,False
5,config1,28.0,58.0,PhilippineAdj.txt,crime,ilp,1,7200,4000000,1,False,True,True,14.0,51.0,154.2,0.45,1:26,65780,0,,False
95,config1,28.0,82.0,PhilippineAdj.txt,crime,ilp,1,7200,4000000,2,False,True,True,14.0,51.0,1.12,0.16,0:01,66300,0,,False
185,config1,28.0,41.0,PhilippineAdj.txt,crime,ilp,1,7200,4000000,3,False,True,True,14.0,51.0,0.76,0.15,0:01,66504,0,,False
277,config1,28.0,41.0,PhilippineAdj.txt,crime,ilp,1,7200,4000000,4,False,True,True,14.0,51.0,5.19,0.17,0:06,66004,0,,False
369,config1,28.0,41.0,PhilippineAdj.txt,crime,ilp,1,7200,4000000,6,False,True,True,14.0,51.0,104.0,0.18,1:44,66224,0,,False
459,config1,28.0,41.0,PhilippineAdj.txt,crime,ilp,1,7200,4000000,8,False,True,True,14.0,51.0,413.12,0.17,6:55,65944,0,,False
548,config1,28.0,41.0,PhilippineAdj.txt,crime,ilp,1,7200,4000000,10,False,True,True,14.0,51.0,632.26,1.42,10:54,65256,0,,False
638,config1,28.0,41.0,PhilippineAdj.txt,crime,ilp,1,7200,4000000,12,False,True,True,14.0,51.0,703.64,0.19,11:47,67080,0,,False
728,config1,28.0,41.0,PhilippineAdj.txt,crime,ilp,1,7200,4000000,16,False,True,True,14.0,51.0,676.53,0.21,11:20,69220,0,,False
6,config1,78.0,366.0,ZerkaniAdj.txt,crime,ilp,1,7200,4000000,1,False,True,True,39.0,89.0,836.3,0.22,7:01,66964,0,,False
96,config1,78.0,125.0,ZerkaniAdj.txt,crime,ilp,1,7200,4000000,2,False,True,True,39.0,89.0,606.04,0.19,5:06,69332,0,,False
186,config1,78.0,112.0,ZerkaniAdj.txt,crime,ilp,1,7200,4000000,3,False,True,True,39.0,89.0,286.84,0.17,4:53,69524,0,,False
278,config1,,,ZerkaniAdj.txt,crime,ilp,1,7200,4000000,4,True,True,True,,,7199.44,0.15,2:00:37,66724,0,,False
370,config1,,,ZerkaniAdj.txt,crime,ilp,1,7200,4000000,6,True,True,True,,,7198.1,1.47,2:00:58,68692,0,,False
460,config1,,,ZerkaniAdj.txt,crime,ilp,1,7200,4000000,8,True,True,True,,,7199.31,0.29,2:00:46,70208,0,,False
549,config1,,,ZerkaniAdj.txt,crime,ilp,1,7200,4000000,10,True,True,True,,,7198.99,0.58,2:00:47,64436,0,,False
639,config1,,,ZerkaniAdj.txt,crime,ilp,1,7200,4000000,12,True,True,True,,,7199.37,0.21,2:00:38,66612,0,,False
729,config1,,,ZerkaniAdj.txt,crime,ilp,1,7200,4000000,16,True,True,True,,,7199.23,0.37,2:00:43,69548,0,,False
52,config1,,,ca-CondMat.mtx,collaboration,ilp,1,7200,4000000,1,True,True,True,,,7193.9,5.67,2:00:47,278216,0,,False
141,config1,,,ca-CondMat.mtx,collaboration,ilp,1,7200,4000000,2,True,True,True,,,7199.29,0.3,2:03:21,195304,126,,False
415,config1,,,ca-CondMat.mtx,collaboration,ilp,1,7200,4000000,6,True,True,True,,,7191.14,8.45,2:01:10,195324,0,,False
505,config1,,,ca-CondMat.mtx,collaboration,ilp,1,7200,4000000,8,True,True,True,,,7194.97,4.61,2:00:49,195480,0,,False
592,config1,,,ca-CondMat.mtx,collaboration,ilp,1,7200,4000000,10,True,True,True,,,7194.1,5.5,2:00:44,195312,0,,False
683,config1,,,ca-CondMat.mtx,collaboration,ilp,1,7200,4000000,12,True,True,True,,,7193.92,5.67,2:00:45,197008,0,,False
774,config1,,,ca-CondMat.mtx,collaboration,ilp,1,7200,4000000,16,True,True,True,,,7199.27,0.33,2:00:39,197308,0,,False
53,config1,,,ca-Erdos992.mtx,collaboration,ilp,1,7200,4000000,1,True,True,True,,,7199.03,0.56,2:00:51,185984,0,,False
142,config1,,,ca-Erdos992.mtx,collaboration,ilp,1,7200,4000000,2,True,True,True,,,7198.85,0.73,2:00:46,106964,0,,False
231,config1,,,ca-Erdos992.mtx,collaboration,ilp,1,7200,4000000,3,True,True,True,,,7199.12,0.5,2:00:45,107144,0,,False
323,config1,,,ca-Erdos992.mtx,collaboration,ilp,1,7200,4000000,4,True,True,True,,,7199.32,0.28,2:00:40,106928,0,,False
416,config1,,,ca-Erdos992.mtx,collaboration,ilp,1,7200,4000000,6,True,True,True,,,7199.36,0.25,2:04:26,106836,126,,False
684,config1,,,ca-Erdos992.mtx,collaboration,ilp,1,7200,4000000,12,True,True,True,,,7197.58,2.01,2:01:06,108412,0,,False
775,config1,,,ca-Erdos992.mtx,collaboration,ilp,1,7200,4000000,16,True,True,True,,,7199.23,0.35,2:00:47,112916,0,,False
51,config1,,,ca-GrQc.mtx,collaboration,ilp,1,7200,4000000,1,True,True,True,,,7197.27,2.24,2:01:08,204588,0,,False
140,config1,,,ca-GrQc.mtx,collaboration,ilp,1,7200,4000000,2,True,True,True,,,7199.16,0.37,2:00:45,108600,0,,False
230,config1,,,ca-GrQc.mtx,collaboration,ilp,1,7200,4000000,3,True,True,True,,,7198.78,0.81,2:00:47,105524,0,,False
322,config1,,,ca-GrQc.mtx,collaboration,ilp,1,7200,4000000,4,True,True,True,,,7199.12,0.49,2:00:42,107764,0,,False
414,config1,,,ca-GrQc.mtx,collaboration,ilp,1,7200,4000000,6,True,True,True,,,7199.32,0.3,2:00:39,109540,0,,False
504,config1,,,ca-GrQc.mtx,collaboration,ilp,1,7200,4000000,8,True,True,True,,,7199.19,0.38,2:16:11,107588,126,,False
773,config1,,,ca-GrQc.mtx,collaboration,ilp,1,7200,4000000,16,True,True,True,,,7197.6,1.98,2:01:03,105844,0,,False
50,config1,,,ca-citeseer.mtx,collaboration,ilp,1,7200,4000000,1,True,True,True,,,7198.57,0.98,2:10:29,1236260,126,,False
321,config1,,,ca-citeseer.mtx,collaboration,ilp,1,7200,4000000,4,True,True,True,,,7197.26,2.34,2:01:05,1093836,0,,False
413,config1,,,ca-citeseer.mtx,collaboration,ilp,1,7200,4000000,6,True,True,True,,,7198.86,0.71,2:00:47,1097588,0,,False
503,config1,,,ca-citeseer.mtx,collaboration,ilp,1,7200,4000000,8,True,True,True,,,7198.27,1.31,2:00:49,1096640,0,,False
591,config1,,,ca-citeseer.mtx,collaboration,ilp,1,7200,4000000,10,True,True,True,,,7198.64,0.94,2:00:45,1093800,0,,False
682,config1,,,ca-citeseer.mtx,collaboration,ilp,1,7200,4000000,12,True,True,True,,,7198.91,0.7,2:00:43,1095676,0,,False
772,config1,,,ca-citeseer.mtx,collaboration,ilp,1,7200,4000000,16,True,True,True,,,7198.93,0.64,2:16:32,1095628,126,,False
49,config1,,,ca-dblp-2010.mtx,collaboration,ilp,1,7200,4000000,1,True,True,True,,,7198.69,0.81,2:00:48,1058448,0,,False
139,config1,,,ca-dblp-2010.mtx,collaboration,ilp,1,7200,4000000,2,True,True,True,,,7198.89,0.7,2:04:14,1024888,126,,False
412,config1,,,ca-dblp-2010.mtx,collaboration,ilp,1,7200,4000000,6,True,True,True,,,7197.36,2.23,2:01:06,1021140,0,,False
502,config1,,,ca-dblp-2010.mtx,collaboration,ilp,1,7200,4000000,8,True,True,True,,,7198.84,0.7,2:00:48,1023416,0,,False
590,config1,,,ca-dblp-2010.mtx,collaboration,ilp,1,7200,4000000,10,True,True,True,,,7198.56,1.01,2:00:51,1022524,0,,False
681,config1,,,ca-dblp-2010.mtx,collaboration,ilp,1,7200,4000000,12,True,True,True,,,7198.93,0.65,2:00:49,1019724,0,,False
771,config1,,,ca-dblp-2010.mtx,collaboration,ilp,1,7200,4000000,16,True,True,True,,,7199.0,0.6,2:00:48,1020560,0,,False
47,config1,,,ca-netscience.mtx,collaboration,ilp,1,7200,4000000,1,False,True,True,,,0.0,0.01,46:37,3212,0,,False
137,config1,,,ca-netscience.mtx,collaboration,ilp,1,7200,4000000,2,False,True,True,,,0.0,0.01,44:02,3956,0,,False
228,config1,,,ca-netscience.mtx,collaboration,ilp,1,7200,4000000,3,True,True,True,,,7196.97,2.55,2:00:44,95244,0,,False
319,config1,,,ca-netscience.mtx,collaboration,ilp,1,7200,4000000,4,True,True,True,,,7199.31,0.24,2:00:31,91452,0,,False
410,config1,,,ca-netscience.mtx,collaboration,ilp,1,7200,4000000,6,True,True,True,,,7199.33,0.23,2:00:28,90200,0,,False
500,config1,,,ca-netscience.mtx,collaboration,ilp,1,7200,4000000,8,True,True,True,,,7199.31,0.2,2:00:23,93480,0,,False
588,config1,,,ca-netscience.mtx,collaboration,ilp,1,7200,4000000,10,True,True,True,,,7199.21,0.34,2:00:41,91336,0,,False
679,config1,,,ca-netscience.mtx,collaboration,ilp,1,7200,4000000,12,True,True,True,,,7199.23,0.28,2:12:19,90452,126,,False
48,config1,172.0,1092.0,ca-sandi_auths.mtx,collaboration,ilp,1,7200,4000000,1,False,True,True,86.0,124.0,871.65,2.1,7:42,93232,0,,False
138,config1,172.0,308.0,ca-sandi_auths.mtx,collaboration,ilp,1,7200,4000000,2,False,True,True,86.0,124.0,449.48,0.32,4:06,89560,0,,False
229,config1,,,ca-sandi_auths.mtx,collaboration,ilp,1,7200,4000000,3,True,True,True,,,7197.59,1.62,2:00:43,90080,0,,False
320,config1,,,ca-sandi_auths.mtx,collaboration,ilp,1,7200,4000000,4,True,True,True,,,7197.69,1.52,2:00:43,90144,0,,False
411,config1,,,ca-sandi_auths.mtx,collaboration,ilp,1,7200,4000000,6,True,True,True,,,7199.35,0.25,2:00:40,91364,0,,False
501,config1,,,ca-sandi_auths.mtx,collaboration,ilp,1,7200,4000000,8,True,True,True,,,7199.35,0.27,2:00:38,90144,0,,False
589,config1,,,ca-sandi_auths.mtx,collaboration,ilp,1,7200,4000000,10,True,True,True,,,7199.32,0.27,2:00:41,90704,0,,False
680,config1,,,ca-sandi_auths.mtx,collaboration,ilp,1,7200,4000000,12,True,True,True,,,7198.69,0.49,2:02:20,90272,126,,False
770,config1,,,ca-sandi_auths.mtx,collaboration,ilp,1,7200,4000000,16,True,True,True,,,7197.55,2.03,2:01:02,88840,0,,False
10,config1,664.0,22070.0,inf-USAir97.mtx,infrastructure,ilp,1,7200,4000000,1,False,True,True,332.0,2126.0,283.8,0.52,3:18,234596,0,,False
100,config1,,,inf-USAir97.mtx,infrastructure,ilp,1,7200,4000000,2,True,True,True,,,7199.34,0.2,2:00:21,91472,0,,False
190,config1,,,inf-USAir97.mtx,infrastructure,ilp,1,7200,4000000,3,True,True,True,,,7199.29,0.22,3:23:17,91408,126,,False
282,config1,,,inf-USAir97.mtx,infrastructure,ilp,1,7200,4000000,4,False,True,True,,,0.0,0.0,6:08,3376,126,,False
374,config1,,,inf-USAir97.mtx,infrastructure,ilp,1,7200,4000000,6,True,True,True,,,7196.88,2.6,2:00:44,96064,0,,False
464,config1,,,inf-USAir97.mtx,infrastructure,ilp,1,7200,4000000,8,True,True,True,,,7199.3,0.23,2:00:31,91288,0,,False
553,config1,,,inf-USAir97.mtx,infrastructure,ilp,1,7200,4000000,10,True,True,True,,,7199.27,0.27,2:00:28,92592,0,,False
643,config1,,,inf-USAir97.mtx,infrastructure,ilp,1,7200,4000000,12,True,True,True,,,7199.31,0.22,2:00:22,92304,0,,False
733,config1,,,inf-USAir97.mtx,infrastructure,ilp,1,7200,4000000,16,True,True,True,,,7199.17,0.36,2:00:41,91296,0,,False
18,config1,,,power-1138-bus.mtx,power,ilp,1,7200,4000000,1,True,True,True,,,7199.01,0.42,2:00:28,197100,0,,False
108,config1,,,power-1138-bus.mtx,power,ilp,1,7200,4000000,2,True,True,True,,,7199.28,0.24,2:00:29,97016,0,,False
198,config1,,,power-1138-bus.mtx,power,ilp,1,7200,4000000,3,True,True,True,,,7199.26,0.26,2:00:28,95804,0,,False
290,config1,,,power-1138-bus.mtx,power,ilp,1,7200,4000000,4,True,True,True,,,7199.34,0.19,2:00:23,96452,0,,False
381,config1,,,power-1138-bus.mtx,power,ilp,1,7200,4000000,6,True,True,True,,,7199.15,0.37,2:00:41,93468,0,,False
471,config1,,,power-1138-bus.mtx,power,ilp,1,7200,4000000,8,True,True,True,,,7197.03,2.46,2:00:42,98632,0,,False
561,config1,,,power-1138-bus.mtx,power,ilp,1,7200,4000000,10,True,True,True,,,7199.29,0.24,2:00:31,95748,0,,False
651,config1,,,power-1138-bus.mtx,power,ilp,1,7200,4000000,12,True,True,True,,,7199.24,0.28,2:00:28,96480,0,,False
741,config1,,,power-1138-bus.mtx,power,ilp,1,7200,4000000,16,True,True,True,,,7199.32,0.18,2:00:22,94704,0,,False
110,config1,,,power-494-bus.mtx,power,ilp,1,7200,4000000,2,True,True,True,,,7197.56,2.02,2:01:01,91448,0,,False
200,config1,,,power-494-bus.mtx,power,ilp,1,7200,4000000,3,True,True,True,,,7199.1,0.48,2:00:47,95180,0,,False
292,config1,,,power-494-bus.mtx,power,ilp,1,7200,4000000,4,True,True,True,,,7198.51,1.05,2:00:49,95836,0,,False
383,config1,,,power-494-bus.mtx,power,ilp,1,7200,4000000,6,True,True,True,,,7199.12,0.47,2:00:39,93844,0,,False
472,config1,,,power-494-bus.mtx,power,ilp,1,7200,4000000,8,True,True,True,,,7199.23,0.36,2:00:41,95704,0,,False
562,config1,,,power-494-bus.mtx,power,ilp,1,7200,4000000,10,True,True,True,,,7199.16,0.42,2:03:30,92976,126,,False
21,config1,,,power-685-bus.mtx,power,ilp,1,7200,4000000,1,True,True,True,,,7198.81,0.72,2:00:46,214688,0,,False
112,config1,,,power-685-bus.mtx,power,ilp,1,7200,4000000,2,True,True,True,,,7199.29,0.3,2:00:36,93052,0,,False
202,config1,,,power-685-bus.mtx,power,ilp,1,7200,4000000,3,True,True,True,,,7199.21,0.36,2:02:58,91900,126,,False
474,config1,,,power-685-bus.mtx,power,ilp,1,7200,4000000,8,True,True,True,,,7197.58,2.02,2:01:03,93000,0,,False
563,config1,,,power-685-bus.mtx,power,ilp,1,7200,4000000,10,True,True,True,,,7199.13,0.47,2:00:46,98492,0,,False
653,config1,,,power-685-bus.mtx,power,ilp,1,7200,4000000,12,True,True,True,,,7198.55,1.03,2:00:48,91940,0,,False
744,config1,,,power-685-bus.mtx,power,ilp,1,7200,4000000,16,True,True,True,,,7199.14,0.47,2:00:42,93140,0,,False
17,config1,,,power-US-Grid.mtx,power,ilp,1,7200,4000000,1,True,True,True,,,7198.17,1.27,2:00:56,198244,0,,False
107,config1,,,power-US-Grid.mtx,power,ilp,1,7200,4000000,2,True,True,True,,,7199.32,0.28,2:00:43,104292,0,,False
197,config1,,,power-US-Grid.mtx,power,ilp,1,7200,4000000,3,True,True,True,,,7199.25,0.34,2:00:42,104352,0,,False
289,config1,,,power-US-Grid.mtx,power,ilp,1,7200,4000000,4,True,True,True,,,7199.32,0.27,2:03:20,104460,126,,False
560,config1,,,power-US-Grid.mtx,power,ilp,1,7200,4000000,10,True,True,True,,,7197.55,2.02,2:01:03,104456,0,,False
650,config1,,,power-US-Grid.mtx,power,ilp,1,7200,4000000,12,True,True,True,,,7199.13,0.46,2:00:49,109268,0,,False
740,config1,,,power-US-Grid.mtx,power,ilp,1,7200,4000000,16,True,True,True,,,7198.65,0.91,2:00:49,106728,0,,False
20,config1,,,power-bcspwr09.mtx,power,ilp,1,7200,4000000,1,True,True,True,,,7197.22,2.25,2:01:12,208324,0,,False
111,config1,,,power-bcspwr09.mtx,power,ilp,1,7200,4000000,2,True,True,True,,,7199.34,0.28,2:00:43,96636,0,,False
201,config1,,,power-bcspwr09.mtx,power,ilp,1,7200,4000000,3,True,True,True,,,7198.77,0.82,2:00:45,96564,0,,False
293,config1,,,power-bcspwr09.mtx,power,ilp,1,7200,4000000,4,True,True,True,,,7199.15,0.48,2:00:42,99048,0,,False
384,config1,,,power-bcspwr09.mtx,power,ilp,1,7200,4000000,6,True,True,True,,,7199.29,0.3,2:00:38,96496,0,,False
473,config1,,,power-bcspwr09.mtx,power,ilp,1,7200,4000000,8,True,True,True,,,7199.2,0.37,2:03:30,96260,126,,False
743,config1,,,power-bcspwr09.mtx,power,ilp,1,7200,4000000,16,True,True,True,,,7197.55,2.03,2:01:05,96168,0,,False
19,config1,,,power-eris1176.mtx,power,ilp,1,7200,4000000,1,True,True,True,,,7198.75,0.73,2:00:58,177432,0,,False
109,config1,,,power-eris1176.mtx,power,ilp,1,7200,4000000,2,True,True,True,,,7199.17,0.43,2:00:47,97588,0,,False
199,config1,,,power-eris1176.mtx,power,ilp,1,7200,4000000,3,True,True,True,,,7199.22,0.29,2:00:45,98120,0,,False
291,config1,,,power-eris1176.mtx,power,ilp,1,7200,4000000,4,True,True,True,,,7199.01,0.37,2:00:46,101824,0,,False
382,config1,,,power-eris1176.mtx,power,ilp,1,7200,4000000,6,True,True,True,,,7199.28,0.3,2:03:15,97380,126,,False
652,config1,,,power-eris1176.mtx,power,ilp,1,7200,4000000,12,True,True,True,,,7197.61,1.97,2:01:03,99504,0,,False
742,config1,,,power-eris1176.mtx,power,ilp,1,7200,4000000,16,True,True,True,,,7199.09,0.51,2:00:47,104524,0,,False
28,config1,78.0,438.0,road-chesapeake.mtx,road,ilp,1,7200,4000000,1,False,True,True,39.0,170.0,988.52,0.36,8:20,90092,0,,False
119,config1,78.0,198.0,road-chesapeake.mtx,road,ilp,1,7200,4000000,2,False,True,True,39.0,170.0,215.49,0.29,1:51,92612,0,,False
209,config1,78.0,117.0,road-chesapeake.mtx,road,ilp,1,7200,4000000,3,False,True,True,39.0,170.0,309.37,0.24,5:11,90132,0,,False
300,config1,,,road-chesapeake.mtx,road,ilp,1,7200,4000000,4,True,True,True,,,7199.33,0.25,2:00:36,89532,0,,False
391,config1,,,road-chesapeake.mtx,road,ilp,1,7200,4000000,6,True,True,True,,,7197.57,2.01,2:01:03,93612,0,,False
481,config1,,,road-chesapeake.mtx,road,ilp,1,7200,4000000,8,True,True,True,,,7199.12,0.49,2:00:45,93676,0,,False
569,config1,,,road-chesapeake.mtx,road,ilp,1,7200,4000000,10,True,True,True,,,7198.55,1.01,2:00:49,90304,0,,False
659,config1,,,road-chesapeake.mtx,road,ilp,1,7200,4000000,12,True,True,True,,,7199.16,0.47,2:00:41,90192,0,,False
751,config1,,,road-chesapeake.mtx,road,ilp,1,7200,4000000,16,True,True,True,,,7199.26,0.32,2:00:37,88948,0,,False
27,config1,,,road-euroroad.edges,road,ilp,1,7200,4000000,1,True,True,True,,,7197.83,1.67,2:01:04,192700,0,,False
118,config1,,,road-euroroad.edges,road,ilp,1,7200,4000000,2,True,True,True,,,7199.36,0.22,2:00:41,74208,0,,False
208,config1,,,road-euroroad.edges,road,ilp,1,7200,4000000,3,True,True,True,,,7198.99,0.58,2:00:47,68836,0,,False
299,config1,,,road-euroroad.edges,road,ilp,1,7200,4000000,4,True,True,True,,,7199.36,0.22,2:00:39,68528,0,,False
390,config1,,,road-euroroad.edges,road,ilp,1,7200,4000000,6,True,True,True,,,7199.24,0.36,2:00:45,68508,0,,False
480,config1,,,road-euroroad.edges,road,ilp,1,7200,4000000,8,True,True,True,,,7199.27,0.31,2:02:37,68496,126,,False
750,config1,,,road-euroroad.edges,road,ilp,1,7200,4000000,16,True,True,True,,,7198.16,1.43,2:00:56,68416,0,,False
31,config1,,,road-luxembourg-osm.mtx,road,ilp,1,7200,4000000,1,True,True,True,,,7198.97,0.51,2:04:09,452732,126,,False
303,config1,,,road-luxembourg-osm.mtx,road,ilp,1,7200,4000000,4,True,True,True,,,7197.34,2.23,2:01:11,441156,0,,False
393,config1,,,road-luxembourg-osm.mtx,road,ilp,1,7200,4000000,6,True,True,True,,,7199.03,0.51,2:00:46,442396,0,,False
483,config1,,,road-luxembourg-osm.mtx,road,ilp,1,7200,4000000,8,True,True,True,,,7198.73,0.82,2:00:51,438404,0,,False
571,config1,,,road-luxembourg-osm.mtx,road,ilp,1,7200,4000000,10,True,True,True,,,7199.13,0.44,2:00:48,437392,0,,False
661,config1,,,road-luxembourg-osm.mtx,road,ilp,1,7200,4000000,12,True,True,True,,,7199.1,0.48,2:00:48,440456,0,,False
754,config1,,,road-luxembourg-osm.mtx,road,ilp,1,7200,4000000,16,True,True,True,,,7199.14,0.42,2:05:50,436596,126,,False
30,config1,,,road-minnesota.mtx,road,ilp,1,7200,4000000,1,True,True,True,,,7197.15,2.28,2:01:14,239384,0,,False
121,config1,,,road-minnesota.mtx,road,ilp,1,7200,4000000,2,True,True,True,,,7199.32,0.27,2:00:56,99400,0,,False
211,config1,,,road-minnesota.mtx,road,ilp,1,7200,4000000,3,True,True,True,,,7199.32,0.28,2:00:43,98844,0,,False
302,config1,,,road-minnesota.mtx,road,ilp,1,7200,4000000,4,True,True,True,,,7199.32,0.26,2:00:42,99352,0,,False
392,config1,,,road-minnesota.mtx,road,ilp,1,7200,4000000,6,True,True,True,,,7199.29,0.3,2:00:42,99384,0,,False
482,config1,,,road-minnesota.mtx,road,ilp,1,7200,4000000,8,True,True,True,,,7199.28,0.32,2:03:45,101192,126,,False
753,config1,,,road-minnesota.mtx,road,ilp,1,7200,4000000,16,True,True,True,,,7195.88,3.71,2:01:08,102548,0,,False
29,config1,,,road-roadNet-PA.mtx,road,ilp,1,7200,4000000,1,True,True,True,,,7197.63,1.9,2:00:51,3029220,0,,False
120,config1,,,road-roadNet-PA.mtx,road,ilp,1,7200,4000000,2,True,True,True,,,7198.19,1.37,2:00:44,3013252,0,,False
210,config1,,,road-roadNet-PA.mtx,road,ilp,1,7200,4000000,3,True,True,True,,,7198.39,1.19,2:00:41,3017892,0,,False
301,config1,,,road-roadNet-PA.mtx,road,ilp,1,7200,4000000,4,True,True,True,,,7198.36,1.19,2:04:25,3009188,126,,False
570,config1,,,road-roadNet-PA.mtx,road,ilp,1,7200,4000000,10,True,True,True,,,7196.72,2.76,2:01:09,3026520,0,,False
660,config1,,,road-roadNet-PA.mtx,road,ilp,1,7200,4000000,12,True,True,True,,,7198.21,1.25,2:00:47,3021896,0,,False
752,config1,,,road-roadNet-PA.mtx,road,ilp,1,7200,4000000,16,True,True,True,,,7197.95,1.61,2:00:47,3012356,0,,False
77,config1,124.0,1386.0,soc-dolphins.mtx,social,ilp,1,7200,4000000,1,False,True,True,62.0,159.0,1100.73,0.31,9:14,92732,0,,False
166,config1,124.0,452.0,soc-dolphins.mtx,social,ilp,1,7200,4000000,2,False,True,True,62.0,159.0,1207.95,0.31,10:19,90488,0,,False
256,config1,124.0,198.0,soc-dolphins.mtx,social,ilp,1,7200,4000000,3,False,True,True,62.0,159.0,5862.46,0.31,1:38:25,91600,0,,False
347,config1,,,soc-dolphins.mtx,social,ilp,1,7200,4000000,4,True,True,True,,,7199.35,0.25,2:00:41,89492,0,,False
440,config1,,,soc-dolphins.mtx,social,ilp,1,7200,4000000,6,True,True,True,,,7199.36,0.24,2:00:39,89216,0,,False
529,config1,,,soc-dolphins.mtx,social,ilp,1,7200,4000000,8,True,True,True,,,7197.57,2.01,2:01:01,93792,0,,False
616,config1,,,soc-dolphins.mtx,social,ilp,1,7200,4000000,10,True,True,True,,,7195.87,3.72,2:00:47,93604,0,,False
709,config1,,,soc-dolphins.mtx,social,ilp,1,7200,4000000,12,True,True,True,,,7195.68,3.88,2:00:49,90272,0,,False
799,config1,,,soc-dolphins.mtx,social,ilp,1,7200,4000000,16,True,True,True,,,7195.63,3.99,2:00:42,88928,0,,False
8,config1,64.0,380.0,soccer_ball.txt,geometric,ilp,1,7200,4000000,1,False,True,True,32.0,90.0,1157.64,1.78,9:50,66476,0,,False
98,config1,64.0,604.0,soccer_ball.txt,geometric,ilp,1,7200,4000000,2,False,True,True,32.0,90.0,2881.07,0.17,24:07,66908,0,,False
188,config1,64.0,184.0,soccer_ball.txt,geometric,ilp,1,7200,4000000,3,False,True,True,32.0,90.0,1319.21,0.17,11:53,70756,0,,False
280,config1,64.0,96.0,soccer_ball.txt,geometric,ilp,1,7200,4000000,4,False,True,True,32.0,90.0,5039.99,0.18,1:24:17,70888,0,,False
372,config1,,,soccer_ball.txt,geometric,ilp,1,7200,4000000,6,True,True,True,,,7199.34,0.15,2:00:22,65320,0,,False
462,config1,,,soccer_ball.txt,geometric,ilp,1,7200,4000000,8,True,True,True,,,7199.37,0.14,2:00:21,65244,0,,False
551,config1,,,soccer_ball.txt,geometric,ilp,1,7200,4000000,10,True,True,True,,,7199.36,0.14,2:00:20,64936,0,,False
641,config1,,,soccer_ball.txt,geometric,ilp,1,7200,4000000,12,True,True,True,,,7199.39,0.13,2:00:23,64500,0,,False
731,config1,,,soccer_ball.txt,geometric,ilp,1,7200,4000000,16,True,True,True,,,7198.21,1.41,2:01:00,64760,0,,False
80,config1,,,socfb-Amherst41.mtx,social,ilp,1,7200,4000000,1,True,True,True,,,7197.64,1.87,2:00:49,1700888,0,,False
169,config1,,,socfb-Amherst41.mtx,social,ilp,1,7200,4000000,2,True,True,True,,,7199.18,0.43,2:00:48,218580,0,,False
260,config1,,,socfb-Amherst41.mtx,social,ilp,1,7200,4000000,3,True,True,True,,,7199.3,0.31,2:00:44,173120,0,,False
350,config1,,,socfb-Amherst41.mtx,social,ilp,1,7200,4000000,4,True,True,True,,,7199.32,0.27,2:02:43,173060,126,,False
620,config1,,,socfb-Amherst41.mtx,social,ilp,1,7200,4000000,10,True,True,True,,,7197.56,2.06,2:01:08,173140,0,,False
712,config1,,,socfb-Amherst41.mtx,social,ilp,1,7200,4000000,12,True,True,True,,,7199.15,0.43,2:00:48,173888,0,,False
802,config1,,,socfb-Amherst41.mtx,social,ilp,1,7200,4000000,16,True,True,True,,,7198.92,0.65,2:00:46,173136,0,,False
253,config1,,,socfb-Bowdoin47.mtx,social,ilp,1,7200,4000000,3,True,True,True,,,7197.64,2.0,2:01:07,169336,0,,False
345,config1,,,socfb-Bowdoin47.mtx,social,ilp,1,7200,4000000,4,True,True,True,,,7199.21,0.38,2:00:48,170240,0,,False
438,config1,,,socfb-Bowdoin47.mtx,social,ilp,1,7200,4000000,6,True,True,True,,,7198.75,0.85,2:00:48,167312,0,,False
527,config1,,,socfb-Bowdoin47.mtx,social,ilp,1,7200,4000000,8,True,True,True,,,7199.08,0.52,2:00:46,165444,0,,False
614,config1,,,socfb-Bowdoin47.mtx,social,ilp,1,7200,4000000,10,True,True,True,,,7199.27,0.34,2:00:43,167424,0,,False
706,config1,,,socfb-Bowdoin47.mtx,social,ilp,1,7200,4000000,12,True,True,True,,,7199.26,0.34,2:03:51,165380,126,,False
85,config1,,,socfb-Caltech36.mtx,social,ilp,1,7200,4000000,1,True,True,True,,,7198.11,1.4,2:00:48,892300,0,,False
176,config1,,,socfb-Caltech36.mtx,social,ilp,1,7200,4000000,2,True,True,True,,,7199.24,0.35,2:00:43,133480,0,,False
268,config1,,,socfb-Caltech36.mtx,social,ilp,1,7200,4000000,3,True,True,True,,,7198.78,0.27,2:02:17,107628,126,,False
539,config1,,,socfb-Caltech36.mtx,social,ilp,1,7200,4000000,8,True,True,True,,,7197.61,2.0,2:01:07,107440,0,,False
628,config1,,,socfb-Caltech36.mtx,social,ilp,1,7200,4000000,10,True,True,True,,,7199.23,0.37,2:00:46,110276,0,,False
717,config1,,,socfb-Caltech36.mtx,social,ilp,1,7200,4000000,12,True,True,True,,,7198.57,0.99,2:00:50,107660,0,,False
807,config1,,,socfb-Caltech36.mtx,social,ilp,1,7200,4000000,16,True,True,True,,,7199.08,0.52,2:00:44,107520,0,,False
76,config1,,,socfb-Colgate88.mtx,social,ilp,1,7200,4000000,1,True,True,True,,,7197.71,1.84,2:00:51,1721580,0,,False
165,config1,,,socfb-Colgate88.mtx,social,ilp,1,7200,4000000,2,True,True,True,,,7199.19,0.42,2:00:45,267744,0,,False
255,config1,,,socfb-Colgate88.mtx,social,ilp,1,7200,4000000,3,True,True,True,,,7199.23,0.36,2:03:44,230228,126,,False
528,config1,,,socfb-Colgate88.mtx,social,ilp,1,7200,4000000,8,True,True,True,,,7197.57,2.05,2:01:07,230212,0,,False
615,config1,,,socfb-Colgate88.mtx,social,ilp,1,7200,4000000,10,True,True,True,,,7199.23,0.38,2:00:47,234516,0,,False
708,config1,,,socfb-Colgate88.mtx,social,ilp,1,7200,4000000,12,True,True,True,,,7198.67,0.91,2:00:52,232160,0,,False
798,config1,,,socfb-Colgate88.mtx,social,ilp,1,7200,4000000,16,True,True,True,,,7199.24,0.36,2:00:44,230204,0,,False
173,config1,,,socfb-Hamilton46.mtx,social,ilp,1,7200,4000000,2,True,True,True,,,7197.49,2.1,2:01:08,233952,0,,False
265,config1,,,socfb-Hamilton46.mtx,social,ilp,1,7200,4000000,3,True,True,True,,,7199.16,0.43,2:00:46,185952,0,,False
355,config1,,,socfb-Hamilton46.mtx,social,ilp,1,7200,4000000,4,True,True,True,,,7198.71,0.85,2:00:44,182716,0,,False
446,config1,,,socfb-Hamilton46.mtx,social,ilp,1,7200,4000000,6,True,True,True,,,7195.86,3.77,2:00:44,182504,0,,False
535,config1,,,socfb-Hamilton46.mtx,social,ilp,1,7200,4000000,8,True,True,True,,,7199.3,0.31,2:00:39,184400,0,,False
624,config1,,,socfb-Hamilton46.mtx,social,ilp,1,7200,4000000,10,True,True,True,,,7199.16,0.4,2:03:58,182692,126,,False
257,config1,,,socfb-Haverford76.mtx,social,ilp,1,7200,4000000,3,True,True,True,,,7189.92,9.69,2:01:15,146988,0,,False
348,config1,,,socfb-Haverford76.mtx,social,ilp,1,7200,4000000,4,True,True,True,,,7192.59,7.0,2:00:57,143400,0,,False
441,config1,,,socfb-Haverford76.mtx,social,ilp,1,7200,4000000,6,True,True,True,,,7191.34,8.26,2:00:52,143176,0,,False
530,config1,,,socfb-Haverford76.mtx,social,ilp,1,7200,4000000,8,True,True,True,,,7192.35,7.24,2:00:50,143092,0,,False
617,config1,,,socfb-Haverford76.mtx,social,ilp,1,7200,4000000,10,True,True,True,,,7199.33,0.27,2:00:41,143196,0,,False
710,config1,,,socfb-Haverford76.mtx,social,ilp,1,7200,4000000,12,True,True,True,,,7195.21,4.37,2:48:50,143188,126,,False
78,config1,,,socfb-Mich67.mtx,social,ilp,1,7200,4000000,1,True,True,True,,,7198.06,1.47,2:00:51,1105604,0,,False
167,config1,,,socfb-Mich67.mtx,social,ilp,1,7200,4000000,2,True,True,True,,,7199.24,0.35,2:00:47,187680,0,,False
258,config1,,,socfb-Mich67.mtx,social,ilp,1,7200,4000000,3,True,True,True,,,7199.3,0.3,2:04:11,170872,126,,False
531,config1,,,socfb-Mich67.mtx,social,ilp,1,7200,4000000,8,True,True,True,,,7197.52,2.08,2:01:11,173084,0,,False
618,config1,,,socfb-Mich67.mtx,social,ilp,1,7200,4000000,10,True,True,True,,,7199.21,0.38,2:00:48,170848,0,,False
711,config1,,,socfb-Mich67.mtx,social,ilp,1,7200,4000000,12,True,True,True,,,7199.07,0.49,2:00:46,170884,0,,False
800,config1,,,socfb-Mich67.mtx,social,ilp,1,7200,4000000,16,True,True,True,,,7199.2,0.41,2:00:46,170960,0,,False
88,config1,,,socfb-Middlebury45.mtx,social,ilp,1,7200,4000000,1,True,True,True,,,7197.46,2.08,2:00:57,1871492,0,,False
178,config1,,,socfb-Middlebury45.mtx,social,ilp,1,7200,4000000,2,True,True,True,,,7198.71,0.88,2:00:49,257704,0,,False
270,config1,,,socfb-Middlebury45.mtx,social,ilp,1,7200,4000000,3,True,True,True,,,7199.08,0.52,2:00:41,216292,0,,False
361,config1,,,socfb-Middlebury45.mtx,social,ilp,1,7200,4000000,4,True,True,True,,,7199.2,0.38,2:00:40,216608,0,,False
451,config1,,,socfb-Middlebury45.mtx,social,ilp,1,7200,4000000,6,True,True,True,,,7199.14,0.42,2:03:30,214256,126,,False
720,config1,,,socfb-Middlebury45.mtx,social,ilp,1,7200,4000000,12,True,True,True,,,7197.54,2.07,2:01:05,214716,0,,False
810,config1,,,socfb-Middlebury45.mtx,social,ilp,1,7200,4000000,16,True,True,True,,,7199.1,0.48,2:00:48,220572,0,,False
81,config1,,,socfb-Oberlin44.mtx,social,ilp,1,7200,4000000,1,True,True,True,,,7197.39,2.11,2:00:52,1491756,0,,False
170,config1,,,socfb-Oberlin44.mtx,social,ilp,1,7200,4000000,2,True,True,True,,,7199.27,0.34,2:00:45,211828,0,,False
261,config1,,,socfb-Oberlin44.mtx,social,ilp,1,7200,4000000,3,True,True,True,,,7199.19,0.41,2:00:42,175196,0,,False
351,config1,,,socfb-Oberlin44.mtx,social,ilp,1,7200,4000000,4,True,True,True,,,7199.3,0.28,2:02:49,171200,126,,False
621,config1,,,socfb-Oberlin44.mtx,social,ilp,1,7200,4000000,10,True,True,True,,,7197.59,2.01,2:01:09,172700,0,,False
713,config1,,,socfb-Oberlin44.mtx,social,ilp,1,7200,4000000,12,True,True,True,,,7199.17,0.42,2:00:48,175180,0,,False
803,config1,,,socfb-Oberlin44.mtx,social,ilp,1,7200,4000000,16,True,True,True,,,7198.87,0.72,2:00:47,173216,0,,False
82,config1,,,socfb-Pepperdine86.mtx,social,ilp,1,7200,4000000,1,True,True,True,,,7197.81,1.58,2:12:18,2314676,126,,False
262,config1,,,socfb-Pepperdine86.mtx,social,ilp,1,7200,4000000,3,False,True,True,,,0.01,0.02,28:22,13780,126,,False
352,config1,,,socfb-Pepperdine86.mtx,social,ilp,1,7200,4000000,4,True,True,True,,,7196.83,2.61,2:00:44,232308,0,,False
443,config1,,,socfb-Pepperdine86.mtx,social,ilp,1,7200,4000000,6,True,True,True,,,7199.22,0.31,2:00:31,227432,0,,False
533,config1,,,socfb-Pepperdine86.mtx,social,ilp,1,7200,4000000,8,True,True,True,,,7199.24,0.31,2:00:28,227672,0,,False
622,config1,,,socfb-Pepperdine86.mtx,social,ilp,1,7200,4000000,10,True,True,True,,,7199.28,0.25,2:00:23,227440,0,,False
714,config1,,,socfb-Pepperdine86.mtx,social,ilp,1,7200,4000000,12,True,True,True,,,7199.18,0.39,2:00:41,227272,0,,False
804,config1,,,socfb-Pepperdine86.mtx,social,ilp,1,7200,4000000,16,True,True,True,,,7199.2,0.32,2:13:19,227260,126,,False
83,config1,,,socfb-Reed98.mtx,social,ilp,1,7200,4000000,1,True,True,True,,,7198.17,1.31,2:00:49,859208,0,,False
171,config1,,,socfb-Reed98.mtx,social,ilp,1,7200,4000000,2,True,True,True,,,7198.66,0.9,2:00:50,145756,0,,False
263,config1,,,socfb-Reed98.mtx,social,ilp,1,7200,4000000,3,True,True,True,,,7199.13,0.45,2:00:42,107996,0,,False
353,config1,,,socfb-Reed98.mtx,social,ilp,1,7200,4000000,4,True,True,True,,,7199.31,0.29,2:00:40,113684,0,,False
444,config1,,,socfb-Reed98.mtx,social,ilp,1,7200,4000000,6,True,True,True,,,7199.24,0.33,2:16:08,107840,126,,False
715,config1,,,socfb-Reed98.mtx,social,ilp,1,7200,4000000,12,True,True,True,,,7197.49,2.07,2:01:05,110156,0,,False
805,config1,,,socfb-Reed98.mtx,social,ilp,1,7200,4000000,16,True,True,True,,,7199.22,0.38,2:00:46,113768,0,,False
175,config1,,,socfb-Simmons81.mtx,social,ilp,1,7200,4000000,2,True,True,True,,,7197.55,2.04,2:01:11,154164,0,,False
267,config1,,,socfb-Simmons81.mtx,social,ilp,1,7200,4000000,3,True,True,True,,,7199.19,0.39,2:00:46,124456,0,,False
358,config1,,,socfb-Simmons81.mtx,social,ilp,1,7200,4000000,4,True,True,True,,,7198.86,0.69,2:00:45,124496,0,,False
449,config1,,,socfb-Simmons81.mtx,social,ilp,1,7200,4000000,6,True,True,True,,,7199.14,0.47,2:00:45,123796,0,,False
538,config1,,,socfb-Simmons81.mtx,social,ilp,1,7200,4000000,8,True,True,True,,,7199.32,0.3,2:00:42,124364,0,,False
627,config1,,,socfb-Simmons81.mtx,social,ilp,1,7200,4000000,10,True,True,True,,,7199.3,0.29,2:04:22,124252,126,,False
86,config1,,,socfb-Smith60.mtx,social,ilp,1,7200,4000000,1,True,True,True,,,7197.93,1.49,2:04:03,1402124,126,,False
359,config1,,,socfb-Smith60.mtx,social,ilp,1,7200,4000000,4,True,True,True,,,7197.54,2.03,2:01:05,179168,0,,False
450,config1,,,socfb-Smith60.mtx,social,ilp,1,7200,4000000,6,True,True,True,,,7199.19,0.4,2:00:47,182900,0,,False
540,config1,,,socfb-Smith60.mtx,social,ilp,1,7200,4000000,8,True,True,True,,,7198.57,1.0,2:00:49,179116,0,,False
629,config1,,,socfb-Smith60.mtx,social,ilp,1,7200,4000000,10,True,True,True,,,7199.08,0.53,2:00:45,179204,0,,False
718,config1,,,socfb-Smith60.mtx,social,ilp,1,7200,4000000,12,True,True,True,,,7199.31,0.3,2:00:38,179408,0,,False
808,config1,,,socfb-Smith60.mtx,social,ilp,1,7200,4000000,16,True,True,True,,,7199.23,0.35,2:02:27,179164,126,,False
89,config1,,,socfb-Swarthmore42.mtx,social,ilp,1,7200,4000000,1,True,True,True,,,7197.5,1.96,2:04:09,1655204,126,,False
362,config1,,,socfb-Swarthmore42.mtx,social,ilp,1,7200,4000000,4,True,True,True,,,7197.55,2.07,2:01:09,157872,0,,False
452,config1,,,socfb-Swarthmore42.mtx,social,ilp,1,7200,4000000,6,True,True,True,,,7199.17,0.42,2:00:48,157552,0,,False
541,config1,,,socfb-Swarthmore42.mtx,social,ilp,1,7200,4000000,8,True,True,True,,,7198.87,0.72,2:00:47,154120,0,,False
631,config1,,,socfb-Swarthmore42.mtx,social,ilp,1,7200,4000000,10,True,True,True,,,7199.13,0.5,2:00:46,153988,0,,False
721,config1,,,socfb-Swarthmore42.mtx,social,ilp,1,7200,4000000,12,True,True,True,,,7199.26,0.35,2:00:43,154080,0,,False
811,config1,,,socfb-Swarthmore42.mtx,social,ilp,1,7200,4000000,16,True,True,True,,,7199.28,0.32,2:02:51,154028,126,,False
87,config1,,,socfb-Trinity100.mtx,social,ilp,1,7200,4000000,1,True,True,True,,,7197.38,2.15,2:00:52,1912000,0,,False
177,config1,,,socfb-Trinity100.mtx,social,ilp,1,7200,4000000,2,True,True,True,,,7199.19,0.41,2:00:48,245252,0,,False
269,config1,,,socfb-Trinity100.mtx,social,ilp,1,7200,4000000,3,True,True,True,,,7199.26,0.36,2:00:43,197608,0,,False
360,config1,,,socfb-Trinity100.mtx,social,ilp,1,7200,4000000,4,True,True,True,,,7199.22,0.37,2:16:24,197488,126,,False
630,config1,,,socfb-Trinity100.mtx,social,ilp,1,7200,4000000,10,True,True,True,,,7197.45,2.13,2:01:08,197748,0,,False
719,config1,,,socfb-Trinity100.mtx,social,ilp,1,7200,4000000,12,True,True,True,,,7199.18,0.43,2:00:48,200960,0,,False
809,config1,,,socfb-Trinity100.mtx,social,ilp,1,7200,4000000,16,True,True,True,,,7198.82,0.76,2:00:48,199736,0,,False
79,config1,,,socfb-USFCA72.mtx,social,ilp,1,7200,4000000,1,False,True,True,,,0.0,0.01,30:20,3268,0,,False
168,config1,,,socfb-USFCA72.mtx,social,ilp,1,7200,4000000,2,True,True,True,,,7196.96,2.55,2:00:43,177432,0,,False
259,config1,,,socfb-USFCA72.mtx,social,ilp,1,7200,4000000,3,True,True,True,,,7199.26,0.27,2:00:31,149672,0,,False
349,config1,,,socfb-USFCA72.mtx,social,ilp,1,7200,4000000,4,True,True,True,,,7199.27,0.27,2:00:28,149776,0,,False
442,config1,,,socfb-USFCA72.mtx,social,ilp,1,7200,4000000,6,True,True,True,,,7199.29,0.23,2:00:23,149840,0,,False
532,config1,,,socfb-USFCA72.mtx,social,ilp,1,7200,4000000,8,True,True,True,,,7199.14,0.39,2:00:41,149728,0,,False
619,config1,,,socfb-USFCA72.mtx,social,ilp,1,7200,4000000,10,True,True,True,,,7199.2,0.29,2:12:18,149688,126,,False
801,config1,,,socfb-USFCA72.mtx,social,ilp,1,7200,4000000,16,False,True,True,,,0.01,0.02,45:58,6312,0,,False
75,config1,,,socfb-Vassar85.mtx,social,ilp,1,7200,4000000,1,True,True,True,,,7197.11,2.31,2:00:52,1870860,0,,False
164,config1,,,socfb-Vassar85.mtx,social,ilp,1,7200,4000000,2,True,True,True,,,7199.27,0.34,2:00:46,235944,0,,False
254,config1,,,socfb-Vassar85.mtx,social,ilp,1,7200,4000000,3,True,True,True,,,7199.18,0.43,2:00:45,208064,0,,False
346,config1,,,socfb-Vassar85.mtx,social,ilp,1,7200,4000000,4,True,True,True,,,7199.11,0.5,2:00:46,208216,0,,False
439,config1,,,socfb-Vassar85.mtx,social,ilp,1,7200,4000000,6,True,True,True,,,7199.2,0.39,2:02:44,208036,126,,False
707,config1,,,socfb-Vassar85.mtx,social,ilp,1,7200,4000000,12,True,True,True,,,7197.54,2.07,2:01:11,208116,0,,False
797,config1,,,socfb-Vassar85.mtx,social,ilp,1,7200,4000000,16,True,True,True,,,7199.16,0.41,2:00:47,208004,0,,False
172,config1,,,socfb-Wellesley22.mtx,social,ilp,1,7200,4000000,2,True,True,True,,,7197.44,2.15,2:01:11,227232,0,,False
264,config1,,,socfb-Wellesley22.mtx,social,ilp,1,7200,4000000,3,True,True,True,,,7199.23,0.37,2:00:46,178312,0,,False
354,config1,,,socfb-Wellesley22.mtx,social,ilp,1,7200,4000000,4,True,True,True,,,7198.84,0.73,2:00:48,178304,0,,False
445,config1,,,socfb-Wellesley22.mtx,social,ilp,1,7200,4000000,6,True,True,True,,,7199.18,0.42,2:00:45,178276,0,,False
534,config1,,,socfb-Wellesley22.mtx,social,ilp,1,7200,4000000,8,True,True,True,,,7199.16,0.42,2:00:46,178392,0,,False
623,config1,,,socfb-Wellesley22.mtx,social,ilp,1,7200,4000000,10,True,True,True,,,7199.21,0.36,2:03:16,178156,126,,False
174,config1,,,socfb-Williams40.mtx,social,ilp,1,7200,4000000,2,True,True,True,,,7195.48,4.12,2:01:12,265516,0,,False
266,config1,,,socfb-Williams40.mtx,social,ilp,1,7200,4000000,3,True,True,True,,,7198.83,0.79,2:00:48,196244,0,,False
356,config1,,,socfb-Williams40.mtx,social,ilp,1,7200,4000000,4,True,True,True,,,7198.87,0.69,2:00:46,198316,0,,False
447,config1,,,socfb-Williams40.mtx,social,ilp,1,7200,4000000,6,True,True,True,,,7199.16,0.45,2:00:45,196076,0,,False
536,config1,,,socfb-Williams40.mtx,social,ilp,1,7200,4000000,8,True,True,True,,,7199.07,0.53,2:00:46,196328,0,,False
625,config1,,,socfb-Williams40.mtx,social,ilp,1,7200,4000000,10,True,True,True,,,7199.26,0.35,2:02:46,196296,126,,False
84,config1,,,socfb-nips-ego.edges,social,ilp,1,7200,4000000,1,True,True,True,,,7199.2,0.29,2:03:55,136796,126,,False
357,config1,,,socfb-nips-ego.edges,social,ilp,1,7200,4000000,4,True,True,True,,,7198.14,1.45,2:01:03,86488,0,,False
448,config1,,,socfb-nips-ego.edges,social,ilp,1,7200,4000000,6,True,True,True,,,7199.33,0.26,2:00:42,86912,0,,False
537,config1,,,socfb-nips-ego.edges,social,ilp,1,7200,4000000,8,True,True,True,,,7199.04,0.55,2:00:46,82404,0,,False
626,config1,,,socfb-nips-ego.edges,social,ilp,1,7200,4000000,10,True,True,True,,,7199.34,0.23,2:00:47,82356,0,,False
716,config1,,,socfb-nips-ego.edges,social,ilp,1,7200,4000000,12,True,True,True,,,7199.37,0.24,2:00:45,82416,0,,False
806,config1,,,socfb-nips-ego.edges,social,ilp,1,7200,4000000,16,True,True,True,,,7199.4,0.18,2:02:30,82288,126,,False
217,config1,,,web-EPA.edges,webgraph,ilp,1,7200,4000000,3,True,True,True,,,7198.09,1.48,2:01:01,87220,0,,False
309,config1,,,web-EPA.edges,webgraph,ilp,1,7200,4000000,4,True,True,True,,,7199.28,0.29,2:00:45,91712,0,,False
399,config1,,,web-EPA.edges,webgraph,ilp,1,7200,4000000,6,True,True,True,,,7198.98,0.58,2:00:48,87240,0,,False
489,config1,,,web-EPA.edges,webgraph,ilp,1,7200,4000000,8,True,True,True,,,7199.38,0.21,2:00:39,89348,0,,False
577,config1,,,web-EPA.edges,webgraph,ilp,1,7200,4000000,10,True,True,True,,,7199.39,0.19,2:00:37,87256,0,,False
667,config1,,,web-EPA.edges,webgraph,ilp,1,7200,4000000,12,True,True,True,,,7199.31,0.28,2:04:35,87116,126,,False
219,config1,,,web-edu.mtx,webgraph,ilp,1,7200,4000000,3,True,True,True,,,7197.58,2.0,2:01:06,100480,0,,False
311,config1,,,web-edu.mtx,webgraph,ilp,1,7200,4000000,4,True,True,True,,,7199.27,0.33,2:00:47,104232,0,,False
401,config1,,,web-edu.mtx,webgraph,ilp,1,7200,4000000,6,True,True,True,,,7198.73,0.85,2:00:50,99756,0,,False
490,config1,,,web-edu.mtx,webgraph,ilp,1,7200,4000000,8,True,True,True,,,7199.14,0.46,2:00:45,100356,0,,False
578,config1,,,web-edu.mtx,webgraph,ilp,1,7200,4000000,10,True,True,True,,,7199.29,0.29,2:00:43,100352,0,,False
669,config1,,,web-edu.mtx,webgraph,ilp,1,7200,4000000,12,True,True,True,,,7199.31,0.28,2:02:21,102388,126,,False
38,config1,,,web-indochina-2004.mtx,webgraph,ilp,1,7200,4000000,1,True,True,True,,,7198.88,0.62,2:00:49,241048,0,,False
128,config1,,,web-indochina-2004.mtx,webgraph,ilp,1,7200,4000000,2,True,True,True,,,7199.27,0.31,2:02:14,144876,126,,False
402,config1,,,web-indochina-2004.mtx,webgraph,ilp,1,7200,4000000,6,True,True,True,,,7197.56,2.03,2:01:08,146964,0,,False
491,config1,,,web-indochina-2004.mtx,webgraph,ilp,1,7200,4000000,8,True,True,True,,,7199.21,0.39,2:00:49,150344,0,,False
579,config1,,,web-indochina-2004.mtx,webgraph,ilp,1,7200,4000000,10,True,True,True,,,7198.94,0.64,2:00:47,144932,0,,False
670,config1,,,web-indochina-2004.mtx,webgraph,ilp,1,7200,4000000,12,True,True,True,,,7199.19,0.41,2:00:46,145028,0,,False
761,config1,,,web-indochina-2004.mtx,webgraph,ilp,1,7200,4000000,16,True,True,True,,,7199.28,0.35,2:00:44,144728,0,,False
37,config1,,,web-spam.mtx,webgraph,ilp,1,7200,4000000,1,True,True,True,,,7198.4,1.06,2:00:54,476000,0,,False
127,config1,,,web-spam.mtx,webgraph,ilp,1,7200,4000000,2,True,True,True,,,7198.86,0.73,2:00:49,126724,0,,False
218,config1,,,web-spam.mtx,webgraph,ilp,1,7200,4000000,3,True,True,True,,,7199.23,0.36,2:00:45,126716,0,,False
310,config1,,,web-spam.mtx,webgraph,ilp,1,7200,4000000,4,True,True,True,,,7199.22,0.37,2:00:46,125972,0,,False
400,config1,,,web-spam.mtx,webgraph,ilp,1,7200,4000000,6,True,True,True,,,7199.27,0.31,2:02:46,126136,126,,False
668,config1,,,web-spam.mtx,webgraph,ilp,1,7200,4000000,12,True,True,True,,,7197.54,2.04,2:01:06,126096,0,,False
760,config1,,,web-spam.mtx,webgraph,ilp,1,7200,4000000,16,True,True,True,,,7199.21,0.37,2:00:49,129620,0,,False
39,config1,,,web-webbase-2001.mtx,webgraph,ilp,1,7200,4000000,1,True,True,True,,,7198.96,0.52,2:00:49,218652,0,,False
129,config1,,,web-webbase-2001.mtx,webgraph,ilp,1,7200,4000000,2,True,True,True,,,7199.22,0.37,2:00:45,139924,0,,False
220,config1,,,web-webbase-2001.mtx,webgraph,ilp,1,7200,4000000,3,True,True,True,,,7199.24,0.33,2:02:14,139888,126,,False
492,config1,,,web-webbase-2001.mtx,webgraph,ilp,1,7200,4000000,8,True,True,True,,,7197.55,2.04,2:01:00,139912,0,,False
580,config1,,,web-webbase-2001.mtx,webgraph,ilp,1,7200,4000000,10,True,True,True,,,7199.08,0.52,2:00:43,145200,0,,False
671,config1,,,web-webbase-2001.mtx,webgraph,ilp,1,7200,4000000,12,True,True,True,,,7198.44,1.12,2:01:02,140088,0,,False
762,config1,,,web-webbase-2001.mtx,webgraph,ilp,1,7200,4000000,16,True,True,True,,,7199.27,0.31,2:00:37,140152,0,,False
